timestamp,buffer_voltage_mv,resistance,pwr_nw
1722352876961,42,1000000,1
1722352876963,42,1000000,1
1722352876965,42,1000000,1
1722352876967,43,1000000,1
1722352876969,43,1000000,1
1722352876971,44,1000000,2
1722352876973,44,1000000,1
1722352876975,43,1000000,1
1722352876977,43,1000000,1
1722352876979,43,1000000,1
1722352876981,42,1000000,1
1722352876983,42,1000000,1
1722352876985,42,1000000,1
1722352876987,42,1000000,1
1722352876989,43,1000000,1
1722352876991,45,1000000,2
1722352876993,44,1000000,1
1722352876995,43,1000000,1
1722352876997,43,1000000,1
1722352876999,42,1000000,1
1722352877001,42,1000000,1
1722352877003,42,1000000,1
1722352877005,42,1000000,1
1722352877007,42,1000000,1
1722352877009,44,1000000,1
1722352877011,45,1000000,2
1722352877013,44,1000000,1
1722352877015,43,1000000,1
1722352877017,43,1000000,1
1722352877019,42,1000000,1
1722352877021,42,1000000,1
1722352877023,42,1000000,1
1722352877025,42,1000000,1
1722352877027,43,1000000,1
1722352877029,44,1000000,1
1722352877031,44,1000000,2
1722352877034,44,1000000,1
1722352877035,43,1000000,1
1722352877037,43,1000000,1
1722352877039,42,1000000,1
1722352877042,42,1000000,1
1722352877043,42,1000000,1
1722352877046,42,1000000,1
1722352877048,43,1000000,1
1722352877050,43,1000000,1
1722352877052,44,1000000,2
1722352877054,43,1000000,1
1722352877056,43,1000000,1
1722352877058,43,1000000,1
1722352877060,42,1000000,1
1722352877062,42,1000000,1
1722352877064,42,1000000,1
1722352877066,42,1000000,1
1722352877068,42,1000000,1
1722352877070,45,1000000,1
1722352877072,45,1000000,2
1722352877074,44,1000000,1
1722352877076,43,1000000,1
1722352877078,43,1000000,1
1722352877080,42,1000000,1
1722352877082,42,1000000,1
1722352877084,42,1000000,1
1722352877086,42,1000000,1
1722352877088,42,1000000,1
1722352877090,45,1000000,1
1722352877092,44,1000000,2
1722352877094,44,1000000,1
1722352877096,43,1000000,1
1722352877098,43,1000000,1
1722352877100,43,1000000,1
1722352877102,43,1000000,1
1722352877104,42,1000000,1
1722352877106,42,1000000,1
1722352877108,43,1000000,1
1722352877110,44,1000000,1
1722352877112,44,1000000,2
1722352877114,44,1000000,1
1722352877116,43,1000000,1
1722352877118,43,1000000,1
1722352877120,42,1000000,1
1722352877122,42,1000000,1
1722352877124,42,1000000,1
1722352877126,42,1000000,1
1722352877128,43,1000000,1
1722352877130,45,1000000,1
1722352877132,44,1000000,2
1722352877134,43,1000000,1
1722352877137,43,1000000,1
1722352877138,43,1000000,1
1722352877140,42,1000000,1
1722352877142,42,1000000,1
1722352877145,42,1000000,1
1722352877146,42,1000000,1
1722352877149,43,1000000,1
1722352877151,45,1000000,1
1722352877153,45,1000000,2
1722352877155,43,1000000,1
1722352877157,43,1000000,1
1722352877159,43,1000000,1
1722352877161,42,1000000,1
1722352877163,43,1000000,1
1722352877165,42,1000000,1
1722352877167,42,1000000,1
1722352877169,43,1000000,1
1722352877171,45,1000000,1
1722352877173,44,1000000,1
1722352877175,43,1000000,1
1722352877177,43,1000000,1
1722352877179,42,1000000,1
1722352877181,42,1000000,1
1722352877183,42,1000000,1
1722352877185,42,1000000,1
1722352877187,42,1000000,1
1722352877189,43,1000000,1
1722352877191,44,1000000,1
1722352877193,44,1000000,2
1722352877195,43,1000000,1
1722352877197,43,1000000,1
1722352877199,43,1000000,1
1722352877201,42,1000000,1
1722352877203,42,1000000,1
1722352877205,42,1000000,1
1722352877207,42,1000000,1
1722352877209,43,1000000,1
1722352877211,45,1000000,1
1722352877213,44,1000000,1
1722352877215,43,1000000,1
1722352877217,43,1000000,1
1722352877219,43,1000000,1
1722352877221,42,1000000,1
1722352877223,42,1000000,1
1722352877225,42,1000000,1
1722352877227,42,1000000,1
1722352877229,43,1000000,1
1722352877231,45,1000000,1
1722352877233,44,1000000,1
1722352877235,43,1000000,1
1722352877237,43,1000000,1
1722352877240,43,1000000,1
1722352877241,42,1000000,1
1722352877243,42,1000000,1
1722352877245,42,1000000,1
1722352877248,42,1000000,1
1722352877249,44,1000000,1
1722352877251,45,1000000,1
1722352877254,44,1000000,2
1722352877256,43,1000000,1
1722352877258,43,1000000,1
1722352877260,43,1000000,1
1722352877262,42,1000000,1
1722352877264,42,1000000,1
1722352877266,42,1000000,1
1722352877268,42,1000000,1
1722352877270,43,1000000,1
1722352877272,44,1000000,2
1722352877274,44,1000000,1
1722352877276,43,1000000,1
1722352877278,43,1000000,1
1722352877280,43,1000000,1
1722352877282,42,1000000,1
1722352877284,42,1000000,1
1722352877286,42,1000000,1
1722352877288,43,1000000,1
1722352877290,43,1000000,1
1722352877292,45,1000000,2
1722352877294,44,1000000,1
1722352877296,43,1000000,1
1722352877298,43,1000000,1
1722352877300,43,1000000,1
1722352877302,42,1000000,1
1722352877304,42,1000000,1
1722352877306,42,1000000,1
1722352877308,42,1000000,1
1722352877310,45,1000000,1
1722352877312,45,1000000,2
1722352877314,44,1000000,1
1722352877315,43,1000000,1
1722352877317,43,1000000,1
1722352877319,42,1000000,1
1722352877321,42,1000000,1
1722352877323,42,1000000,1
1722352877325,42,1000000,1
1722352877327,43,1000000,1
1722352877329,44,1000000,1
1722352877331,45,1000000,2
1722352877333,44,1000000,1
1722352877335,43,1000000,1
1722352877337,43,1000000,1
1722352877339,42,1000000,1
1722352877341,42,1000000,1
1722352877343,42,1000000,1
1722352877345,42,1000000,1
1722352877347,42,1000000,1
1722352877350,44,1000000,1
1722352877351,44,1000000,2
1722352877353,44,1000000,1
1722352877356,43,1000000,1
1722352877358,43,1000000,1
1722352877360,42,1000000,1
1722352877362,42,1000000,1
1722352877364,42,1000000,1
1722352877366,42,1000000,1
1722352877368,43,1000000,1
1722352877370,44,1000000,1
1722352877372,44,1000000,2
1722352877374,43,1000000,1
1722352877376,43,1000000,1
1722352877378,43,1000000,1
1722352877380,42,1000000,1
1722352877382,42,1000000,1
1722352877384,42,1000000,1
1722352877386,42,1000000,1
1722352877388,43,1000000,1
1722352877390,45,1000000,1
1722352877392,45,1000000,2
1722352877394,44,1000000,1
1722352877396,43,1000000,1
1722352877398,43,1000000,1
1722352877400,42,1000000,1
1722352877402,42,1000000,1
1722352877404,42,1000000,1
1722352877406,42,1000000,1
1722352877408,43,1000000,1
1722352877410,45,1000000,1
1722352877412,44,1000000,2
1722352877414,44,1000000,1
1722352877416,43,1000000,1
1722352877418,43,1000000,1
1722352877420,42,1000000,1
1722352877422,42,1000000,1
1722352877424,42,1000000,1
1722352877426,42,1000000,1
1722352877428,43,1000000,1
1722352877430,44,1000000,1
1722352877432,44,1000000,2
1722352877434,43,1000000,1
1722352877436,43,1000000,1
1722352877438,43,1000000,1
1722352877440,42,1000000,1
1722352877442,42,1000000,1
1722352877444,42,1000000,1
1722352877446,42,1000000,1
1722352877448,43,1000000,1
1722352877450,45,1000000,1
1722352877453,44,1000000,2
1722352877455,43,1000000,1
1722352877456,43,1000000,1
1722352877459,43,1000000,1
1722352877461,42,1000000,1
1722352877463,43,1000000,1
1722352877465,42,1000000,1
1722352877467,42,1000000,1
1722352877469,43,1000000,1
1722352877471,45,1000000,1
1722352877473,44,1000000,1
1722352877475,43,1000000,1
1722352877477,43,1000000,1
1722352877479,43,1000000,1
1722352877481,42,1000000,1
1722352877483,42,1000000,1
1722352877485,42,1000000,1
1722352877487,42,1000000,1
1722352877489,43,1000000,1
1722352877491,45,1000000,1
1722352877493,44,1000000,2
1722352877495,43,1000000,1
1722352877497,43,1000000,1
1722352877499,42,1000000,1
1722352877501,42,1000000,1
1722352877503,43,1000000,1
1722352877505,42,1000000,1
1722352877507,43,1000000,1
1722352877509,43,1000000,1
1722352877511,45,1000000,2
1722352877513,44,1000000,2
1722352877515,43,1000000,1
1722352877517,43,1000000,1
1722352877519,43,1000000,1
1722352877521,42,1000000,1
1722352877523,42,1000000,1
1722352877525,42,1000000,1
1722352877527,43,1000000,1
1722352877529,43,1000000,1
1722352877531,45,1000000,2
1722352877533,44,1000000,1
1722352877535,43,1000000,1
1722352877537,43,1000000,1
1722352877539,43,1000000,1
1722352877541,42,1000000,1
1722352877543,42,1000000,1
1722352877545,42,1000000,1
1722352877547,42,1000000,1
1722352877550,43,1000000,1
1722352877551,45,1000000,1
1722352877553,44,1000000,1
1722352877556,43,1000000,1
1722352877558,43,1000000,1
1722352877559,42,1000000,1
1722352877561,42,1000000,1
1722352877564,42,1000000,1
1722352877566,42,1000000,1
1722352877568,43,1000000,1
1722352877570,44,1000000,1
1722352877572,45,1000000,1
1722352877574,44,1000000,1
1722352877576,43,1000000,1
1722352877578,43,1000000,1
1722352877580,42,1000000,1
1722352877582,42,1000000,1
1722352877584,42,1000000,1
1722352877586,42,1000000,1
1722352877588,43,1000000,1
1722352877590,43,1000000,1
1722352877592,44,1000000,2
1722352877594,44,1000000,1
1722352877596,43,1000000,1
1722352877598,43,1000000,1
1722352877600,42,1000000,1
1722352877602,42,1000000,1
1722352877604,42,1000000,1
1722352877606,42,1000000,1
1722352877608,43,1000000,1
1722352877610,43,1000000,1
1722352877612,45,1000000,2
1722352877614,43,1000000,1
1722352877616,43,1000000,1
1722352877618,43,1000000,1
1722352877620,42,1000000,1
1722352877622,42,1000000,1
1722352877624,42,1000000,1
1722352877626,42,1000000,1
1722352877628,43,1000000,1
1722352877630,45,1000000,1
1722352877632,44,1000000,2
1722352877634,43,1000000,1
1722352877636,43,1000000,1
1722352877638,43,1000000,1
1722352877640,42,1000000,1
1722352877642,42,1000000,1
1722352877644,42,1000000,1
1722352877646,42,1000000,1
1722352877648,42,1000000,1
1722352877650,45,1000000,1
1722352877652,45,1000000,2
1722352877655,43,1000000,1
1722352877656,43,1000000,1
1722352877658,43,1000000,1
1722352877661,42,1000000,1
1722352877663,42,1000000,1
1722352877664,42,1000000,1
1722352877667,42,1000000,1
1722352877669,43,1000000,1
1722352877671,44,1000000,1
1722352877673,44,1000000,2
1722352877675,44,1000000,1
1722352877677,43,1000000,1
1722352877679,43,1000000,1
1722352877681,42,1000000,1
1722352877683,42,1000000,1
1722352877685,42,1000000,1
1722352877687,42,1000000,1
1722352877688,43,1000000,1
1722352877690,43,1000000,1
1722352877692,45,1000000,2
1722352877694,43,1000000,1
1722352877696,43,1000000,1
1722352877698,43,1000000,1
1722352877700,42,1000000,1
1722352877702,42,1000000,1
1722352877704,42,1000000,1
1722352877706,42,1000000,1
1722352877708,43,1000000,1
1722352877710,45,1000000,1
1722352877712,45,1000000,2
1722352877714,43,1000000,1
1722352877716,43,1000000,1
1722352877718,43,1000000,1
1722352877720,42,1000000,1
1722352877722,43,1000000,1
1722352877724,42,1000000,1
1722352877726,42,1000000,1
1722352877728,43,1000000,1
1722352877730,45,1000000,1
1722352877732,44,1000000,2
1722352877734,44,1000000,1
1722352877736,43,1000000,1
1722352877738,42,1000000,1
1722352877740,42,1000000,1
1722352877742,42,1000000,1
1722352877744,42,1000000,1
1722352877746,42,1000000,1
1722352877748,43,1000000,1
1722352877750,45,1000000,1
1722352877752,44,1000000,2
1722352877754,43,1000000,1
1722352877756,43,1000000,1
1722352877759,43,1000000,1
1722352877760,42,1000000,1
1722352877763,42,1000000,1
1722352877765,42,1000000,1
1722352877767,43,1000000,1
1722352877768,43,1000000,1
1722352877771,45,1000000,1
1722352877773,44,1000000,2
1722352877775,43,1000000,1
1722352877777,43,1000000,1
1722352877779,43,1000000,1
1722352877781,42,1000000,1
1722352877783,42,1000000,1
1722352877785,42,1000000,1
1722352877787,42,1000000,1
1722352877789,43,1000000,1
1722352877791,45,1000000,1
1722352877793,44,1000000,1
1722352877795,43,1000000,1
1722352877797,43,1000000,1
1722352877799,43,1000000,1
1722352877801,42,1000000,1
1722352877803,42,1000000,1
1722352877805,42,1000000,1
1722352877807,42,1000000,1
1722352877809,43,1000000,1
1722352877811,45,1000000,1
1722352877813,44,1000000,2
1722352877815,43,1000000,1
1722352877817,43,1000000,1
1722352877819,42,1000000,1
1722352877821,42,1000000,1
1722352877823,43,1000000,1
1722352877825,42,1000000,1
1722352877827,42,1000000,1
1722352877829,43,1000000,1
1722352877831,45,1000000,2
1722352877833,44,1000000,1
1722352877835,43,1000000,1
1722352877837,43,1000000,1
1722352877839,43,1000000,1
1722352877841,42,1000000,1
1722352877843,43,1000000,1
1722352877845,42,1000000,1
1722352877847,43,1000000,1
1722352877849,43,1000000,1
1722352877851,45,1000000,2
1722352877853,44,1000000,1
1722352877855,43,1000000,1
1722352877857,43,1000000,1
1722352877859,43,1000000,1
1722352877862,42,1000000,1
1722352877863,42,1000000,1
1722352877865,42,1000000,1
1722352877868,43,1000000,1
1722352877870,43,1000000,1
1722352877872,45,1000000,1
1722352877874,43,1000000,1
1722352877876,43,1000000,1
1722352877878,43,1000000,1
1722352877880,42,1000000,1
1722352877882,42,1000000,1
1722352877884,42,1000000,1
1722352877886,42,1000000,1
1722352877888,43,1000000,1
1722352877890,44,1000000,1
1722352877892,45,1000000,2
1722352877894,44,1000000,1
1722352877896,43,1000000,1
1722352877898,43,1000000,1
1722352877900,42,1000000,1
1722352877902,42,1000000,1
1722352877904,42,1000000,1
1722352877906,42,1000000,1
1722352877908,42,1000000,1
1722352877910,44,1000000,1
1722352877912,44,1000000,2
1722352877914,44,1000000,1
1722352877916,43,1000000,1
1722352877918,43,1000000,1
1722352877920,42,1000000,1
1722352877922,42,1000000,1
1722352877924,42,1000000,1
1722352877926,42,1000000,1
1722352877928,43,1000000,1
1722352877930,43,1000000,1
1722352877932,45,1000000,2
1722352877934,43,1000000,1
1722352877936,43,1000000,1
1722352877938,43,1000000,1
1722352877940,42,1000000,1
1722352877942,42,1000000,1
1722352877944,42,1000000,1
1722352877946,42,1000000,1
1722352877948,42,1000000,1
1722352877950,45,1000000,1
1722352877952,45,1000000,2
1722352877954,43,1000000,1
1722352877956,43,1000000,1
1722352877958,43,1000000,1
1722352877960,42,1000000,1
1722352877962,42,1000000,1
1722352877964,42,1000000,1
1722352877967,43,1000000,1
1722352877968,42,1000000,1
1722352877970,45,1000000,1
1722352877973,44,1000000,2
1722352877975,44,1000000,1
1722352877977,43,1000000,1
1722352877979,43,1000000,1
1722352877981,42,1000000,1
1722352877983,43,1000000,1
1722352877985,42,1000000,1
1722352877987,42,1000000,1
1722352877989,43,1000000,1
1722352877991,44,1000000,1
1722352877993,45,1000000,2
1722352877995,44,1000000,1
1722352877997,43,1000000,1
1722352877999,43,1000000,1
1722352878001,42,1000000,1
1722352878003,43,1000000,1
1722352878005,42,1000000,1
1722352878007,42,1000000,1
1722352878009,43,1000000,1
1722352878011,44,1000000,1
1722352878013,44,1000000,2
1722352878015,43,1000000,1
1722352878017,43,1000000,1
1722352878019,43,1000000,1
1722352878021,42,1000000,1
1722352878023,42,1000000,1
1722352878025,42,1000000,1
1722352878027,42,1000000,1
1722352878029,43,1000000,1
1722352878031,45,1000000,1
1722352878033,44,1000000,1
1722352878035,43,1000000,1
1722352878037,43,1000000,1
1722352878039,43,1000000,1
1722352878041,42,1000000,1
1722352878043,42,1000000,1
1722352878045,42,1000000,1
1722352878047,42,1000000,1
1722352878049,42,1000000,1
1722352878050,45,1000000,1
1722352878052,44,1000000,2
1722352878054,44,1000000,1
1722352878056,42,1000000,1
1722352878058,43,1000000,1
1722352878060,42,1000000,1
1722352878062,43,1000000,1
1722352878064,42,1000000,1
1722352878066,43,1000000,1
1722352878069,43,1000000,1
1722352878071,45,1000000,2
1722352878072,44,1000000,2
1722352878075,43,1000000,1
1722352878077,43,1000000,1
1722352878079,43,1000000,1
1722352878081,42,1000000,1
1722352878083,43,1000000,1
1722352878085,42,1000000,1
1722352878087,43,1000000,1
1722352878089,43,1000000,1
1722352878091,45,1000000,1
1722352878093,44,1000000,2
1722352878095,43,1000000,1
1722352878097,43,1000000,1
1722352878099,43,1000000,1
1722352878101,42,1000000,1
1722352878103,43,1000000,1
1722352878105,42,1000000,1
1722352878107,42,1000000,1
1722352878109,43,1000000,1
1722352878111,45,1000000,1
1722352878113,44,1000000,1
1722352878115,43,1000000,1
1722352878117,43,1000000,1
1722352878119,43,1000000,1
1722352878121,42,1000000,1
1722352878123,42,1000000,1
1722352878125,42,1000000,1
1722352878127,43,1000000,1
1722352878129,43,1000000,1
1722352878131,45,1000000,1
1722352878133,44,1000000,1
1722352878135,43,1000000,1
1722352878137,43,1000000,1
1722352878139,43,1000000,1
1722352878141,42,1000000,1
1722352878143,42,1000000,1
1722352878145,42,1000000,1
1722352878147,43,1000000,1
1722352878149,43,1000000,1
1722352878151,44,1000000,2
1722352878153,44,1000000,1
1722352878155,43,1000000,1
1722352878157,43,1000000,1
1722352878159,43,1000000,1
1722352878161,42,1000000,1
1722352878163,43,1000000,1
1722352878165,42,1000000,1
1722352878167,43,1000000,1
1722352878169,43,1000000,1
1722352878171,45,1000000,2
1722352878174,44,1000000,1
1722352878175,43,1000000,1
1722352878177,43,1000000,1
1722352878180,42,1000000,1
1722352878182,43,1000000,1
1722352878184,42,1000000,1
1722352878186,42,1000000,1
1722352878188,43,1000000,1
1722352878190,43,1000000,1
1722352878192,45,1000000,2
1722352878194,44,1000000,1
1722352878196,43,1000000,1
1722352878198,43,1000000,1
1722352878200,42,1000000,1
1722352878202,42,1000000,1
1722352878204,42,1000000,1
1722352878206,42,1000000,1
1722352878208,42,1000000,1
1722352878210,44,1000000,1
1722352878212,45,1000000,2
1722352878214,44,1000000,1
1722352878216,43,1000000,1
1722352878218,43,1000000,1
1722352878220,42,1000000,1
1722352878222,42,1000000,1
1722352878224,42,1000000,1
1722352878226,42,1000000,1
1722352878228,43,1000000,1
1722352878230,44,1000000,1
1722352878232,44,1000000,2
1722352878234,44,1000000,1
1722352878236,43,1000000,1
1722352878238,43,1000000,1
1722352878240,42,1000000,1
1722352878242,42,1000000,1
1722352878244,42,1000000,1
1722352878246,42,1000000,1
1722352878248,43,1000000,1
1722352878250,43,1000000,1
1722352878252,44,1000000,2
1722352878254,43,1000000,1
1722352878256,43,1000000,1
1722352878258,43,1000000,1
1722352878260,43,1000000,1
1722352878262,42,1000000,1
1722352878264,42,1000000,1
1722352878266,42,1000000,1
1722352878269,43,1000000,1
1722352878270,45,1000000,1
1722352878272,45,1000000,2
1722352878275,43,1000000,1
1722352878277,43,1000000,1
1722352878279,43,1000000,1
1722352878280,42,1000000,1
1722352878283,42,1000000,1
1722352878285,42,1000000,1
1722352878287,42,1000000,1
1722352878289,43,1000000,1
1722352878291,45,1000000,1
1722352878293,44,1000000,2
1722352878295,44,1000000,1
1722352878297,43,1000000,1
1722352878299,43,1000000,1
1722352878301,42,1000000,1
1722352878303,43,1000000,1
1722352878305,42,1000000,1
1722352878307,42,1000000,1
1722352878309,43,1000000,1
1722352878311,44,1000000,1
1722352878313,44,1000000,2
1722352878315,44,1000000,1
1722352878317,43,1000000,1
1722352878319,43,1000000,1
1722352878321,42,1000000,1
1722352878323,43,1000000,1
1722352878325,42,1000000,1
1722352878327,42,1000000,1
1722352878329,43,1000000,1
1722352878331,45,1000000,1
1722352878333,44,1000000,2
1722352878335,43,1000000,1
1722352878337,43,1000000,1
1722352878339,43,1000000,1
1722352878341,42,1000000,1
1722352878343,42,1000000,1
1722352878345,42,1000000,1
1722352878347,43,1000000,1
1722352878349,43,1000000,1
1722352878351,45,1000000,1
1722352878353,44,1000000,1
1722352878355,43,1000000,1
1722352878357,43,1000000,1
1722352878359,43,1000000,1
1722352878361,42,1000000,1
1722352878363,42,1000000,1
1722352878365,42,1000000,1
1722352878367,42,1000000,1
1722352878369,42,1000000,1
1722352878371,45,1000000,1
1722352878373,44,1000000,2
1722352878375,43,1000000,1
1722352878377,43,1000000,1
1722352878379,42,1000000,1
1722352878382,42,1000000,1
1722352878384,43,1000000,1
1722352878385,42,1000000,1
1722352878388,42,1000000,1
1722352878390,43,1000000,1
1722352878392,45,1000000,2
1722352878394,44,1000000,2
1722352878396,43,1000000,1
1722352878398,43,1000000,1
1722352878400,43,1000000,1
1722352878402,42,1000000,1
1722352878404,43,1000000,1
1722352878406,42,1000000,1
1722352878408,42,1000000,1
1722352878410,43,1000000,1
1722352878412,45,1000000,2
1722352878414,44,1000000,2
1722352878416,43,1000000,1
1722352878418,43,1000000,1
1722352878420,43,1000000,1
1722352878422,42,1000000,1
1722352878424,42,1000000,1
1722352878425,42,1000000,1
1722352878427,42,1000000,1
1722352878429,43,1000000,1
1722352878431,45,1000000,1
1722352878433,44,1000000,1
1722352878435,43,1000000,1
1722352878437,43,1000000,1
1722352878439,43,1000000,1
1722352878441,42,1000000,1
1722352878443,42,1000000,1
1722352878445,42,1000000,1
1722352878447,42,1000000,1
1722352878449,44,1000000,1
1722352878451,45,1000000,1
1722352878453,44,1000000,1
1722352878455,43,1000000,1
1722352878457,43,1000000,1
1722352878459,42,1000000,1
1722352878461,42,1000000,1
1722352878463,42,1000000,1
1722352878465,42,1000000,1
1722352878467,42,1000000,1
1722352878469,43,1000000,1
1722352878471,45,1000000,2
1722352878473,44,1000000,2
1722352878475,43,1000000,1
1722352878477,43,1000000,1
1722352878479,43,1000000,1
1722352878481,42,1000000,1
1722352878484,43,1000000,1
1722352878486,42,1000000,1
1722352878487,42,1000000,1
1722352878490,43,1000000,1
1722352878492,45,1000000,2
1722352878494,44,1000000,1
1722352878496,43,1000000,1
1722352878498,43,1000000,1
1722352878500,43,1000000,1
1722352878502,42,1000000,1
1722352878504,42,1000000,1
1722352878506,42,1000000,1
1722352878508,43,1000000,1
1722352878510,45,1000000,1
1722352878512,45,1000000,2
1722352878514,44,1000000,1
1722352878516,43,1000000,1
1722352878518,43,1000000,1
1722352878520,42,1000000,1
1722352878522,42,1000000,1
1722352878524,42,1000000,1
1722352878526,42,1000000,1
1722352878528,42,1000000,1
1722352878530,44,1000000,1
1722352878532,45,1000000,2
1722352878534,44,1000000,1
1722352878536,43,1000000,1
1722352878538,43,1000000,1
1722352878540,42,1000000,1
1722352878542,42,1000000,1
1722352878544,42,1000000,1
1722352878546,42,1000000,1
1722352878548,43,1000000,1
1722352878550,44,1000000,1
1722352878552,44,1000000,2
1722352878554,44,1000000,1
1722352878556,43,1000000,1
1722352878558,43,1000000,1
1722352878560,42,1000000,1
1722352878562,42,1000000,1
1722352878564,42,1000000,1
1722352878566,42,1000000,1
1722352878568,43,1000000,1
1722352878570,44,1000000,1
1722352878572,44,1000000,2
1722352878574,43,1000000,1
1722352878576,43,1000000,1
1722352878578,43,1000000,1
1722352878580,42,1000000,1
1722352878582,42,1000000,1
1722352878584,42,1000000,1
1722352878587,42,1000000,1
1722352878589,43,1000000,1
1722352878590,45,1000000,1
1722352878593,45,1000000,2
1722352878595,43,1000000,1
1722352878597,43,1000000,1
1722352878599,43,1000000,1
1722352878601,42,1000000,1
1722352878603,42,1000000,1
1722352878605,42,1000000,1
1722352878607,42,1000000,1
1722352878609,42,1000000,1
1722352878611,45,1000000,1
1722352878613,44,1000000,1
1722352878615,43,1000000,1
1722352878617,43,1000000,1
1722352878619,43,1000000,1
1722352878621,42,1000000,1
1722352878623,42,1000000,1
1722352878625,42,1000000,1
1722352878627,42,1000000,1
1722352878629,43,1000000,1
1722352878631,45,1000000,1
1722352878633,44,1000000,2
1722352878635,43,1000000,1
1722352878637,43,1000000,1
1722352878639,43,1000000,1
1722352878641,42,1000000,1
1722352878643,42,1000000,1
1722352878645,42,1000000,1
1722352878647,42,1000000,1
1722352878649,43,1000000,1
1722352878651,45,1000000,1
1722352878653,45,1000000,2
1722352878655,43,1000000,1
1722352878657,43,1000000,1
1722352878659,43,1000000,1
1722352878661,42,1000000,1
1722352878663,42,1000000,1
1722352878665,42,1000000,1
1722352878667,42,1000000,1
1722352878669,43,1000000,1
1722352878671,45,1000000,1
1722352878673,44,1000000,1
1722352878675,43,1000000,1
1722352878677,43,1000000,1
1722352878679,43,1000000,1
1722352878681,42,1000000,1
1722352878683,42,1000000,1
1722352878685,42,1000000,1
1722352878687,43,1000000,1
1722352878690,43,1000000,1
1722352878692,45,1000000,1
1722352878693,44,1000000,1
1722352878696,43,1000000,1
1722352878698,43,1000000,1
1722352878700,43,1000000,1
1722352878702,42,1000000,1
1722352878704,42,1000000,1
1722352878706,42,1000000,1
1722352878708,42,1000000,1
1722352878710,43,1000000,1
1722352878712,45,1000000,2
1722352878714,44,1000000,2
1722352878716,43,1000000,1
1722352878718,43,1000000,1
1722352878720,43,1000000,1
1722352878722,42,1000000,1
1722352878724,42,1000000,1
1722352878726,42,1000000,1
1722352878728,42,1000000,1
1722352878730,43,1000000,1
1722352878732,44,1000000,2
1722352878734,44,1000000,1
1722352878736,43,1000000,1
1722352878738,43,1000000,1
1722352878740,43,1000000,1
1722352878742,42,1000000,1
1722352878744,42,1000000,1
1722352878746,42,1000000,1
1722352878748,42,1000000,1
1722352878750,43,1000000,1
1722352878752,45,1000000,1
1722352878754,44,1000000,1
1722352878756,43,1000000,1
1722352878758,43,1000000,1
1722352878760,42,1000000,1
1722352878762,42,1000000,1
1722352878764,42,1000000,1
1722352878766,42,1000000,1
1722352878768,43,1000000,1
1722352878770,44,1000000,1
1722352878772,45,1000000,1
1722352878774,44,1000000,1
1722352878776,43,1000000,1
1722352878778,43,1000000,1
1722352878780,42,1000000,1
1722352878782,42,1000000,1
1722352878784,42,1000000,1
1722352878786,42,1000000,1
1722352878788,43,1000000,1
1722352878790,43,1000000,1
1722352878793,44,1000000,2
1722352878795,44,1000000,1
1722352878796,43,1000000,1
1722352878798,43,1000000,1
1722352878801,42,1000000,1
1722352878803,42,1000000,1
1722352878804,42,1000000,1
1722352878806,42,1000000,1
1722352878809,43,1000000,1
1722352878810,43,1000000,1
1722352878812,44,1000000,2
1722352878815,43,1000000,1
1722352878816,43,1000000,1
1722352878818,43,1000000,1
1722352878820,42,1000000,1
1722352878822,42,1000000,1
1722352878824,42,1000000,1
1722352878826,42,1000000,1
1722352878828,42,1000000,1
1722352878830,44,1000000,1
1722352878832,45,1000000,1
1722352878834,43,1000000,1
1722352878836,43,1000000,1
1722352878838,43,1000000,1
1722352878840,42,1000000,1
1722352878842,42,1000000,1
1722352878844,42,1000000,1
1722352878846,42,1000000,1
1722352878848,43,1000000,1
1722352878850,45,1000000,1
1722352878852,45,1000000,2
1722352878854,44,1000000,1
1722352878856,43,1000000,1
1722352878858,43,1000000,1
1722352878860,42,1000000,1
1722352878862,42,1000000,1
1722352878864,42,1000000,1
1722352878866,42,1000000,1
1722352878868,43,1000000,1
1722352878870,44,1000000,1
1722352878872,44,1000000,2
1722352878874,44,1000000,1
1722352878876,43,1000000,1
1722352878878,43,1000000,1
1722352878880,42,1000000,1
1722352878882,42,1000000,1
1722352878884,42,1000000,1
1722352878886,42,1000000,1
1722352878888,43,1000000,1
1722352878890,44,1000000,1
1722352878892,45,1000000,2
1722352878895,43,1000000,1
1722352878897,43,1000000,1
1722352878898,43,1000000,1
1722352878900,42,1000000,1
1722352878903,43,1000000,1
1722352878905,42,1000000,1
1722352878907,42,1000000,1
1722352878909,42,1000000,1
1722352878911,45,1000000,1
1722352878913,44,1000000,1
1722352878915,43,1000000,1
1722352878917,43,1000000,1
1722352878919,43,1000000,1
1722352878921,42,1000000,1
1722352878923,42,1000000,1
1722352878925,42,1000000,1
1722352878927,42,1000000,1
1722352878929,42,1000000,1
1722352878931,45,1000000,1
1722352878933,44,1000000,2
1722352878935,43,1000000,1
1722352878937,43,1000000,1
1722352878939,43,1000000,1
1722352878941,42,1000000,1
1722352878943,43,1000000,1
1722352878945,42,1000000,1
1722352878947,43,1000000,1
1722352878949,43,1000000,1
1722352878951,45,1000000,1
1722352878953,44,1000000,2
1722352878955,43,1000000,1
1722352878957,43,1000000,1
1722352878959,43,1000000,1
1722352878961,42,1000000,1
1722352878963,43,1000000,1
1722352878965,42,1000000,1
1722352878967,42,1000000,1
1722352878969,43,1000000,1
1722352878971,45,1000000,2
1722352878973,44,1000000,2
1722352878975,43,1000000,1
1722352878977,43,1000000,1
1722352878979,43,1000000,1
1722352878981,42,1000000,1
1722352878983,42,1000000,1
1722352878985,42,1000000,1
1722352878987,42,1000000,1
1722352878989,43,1000000,1
1722352878992,45,1000000,1
1722352878993,44,1000000,1
1722352878995,43,1000000,1
1722352878997,43,1000000,1
1722352879000,43,1000000,1
1722352879001,42,1000000,1
1722352879003,42,1000000,1
1722352879006,42,1000000,1
1722352879008,43,1000000,1
1722352879010,44,1000000,1
1722352879012,45,1000000,1
1722352879014,44,1000000,1
1722352879016,43,1000000,1
1722352879018,43,1000000,1
1722352879020,42,1000000,1
1722352879022,42,1000000,1
1722352879024,42,1000000,1
1722352879026,42,1000000,1
1722352879028,42,1000000,1
1722352879030,44,1000000,1
1722352879032,45,1000000,2
1722352879034,44,1000000,2
1722352879036,44,1000000,1
1722352879038,42,1000000,1
1722352879040,42,1000000,1
1722352879042,42,1000000,1
1722352879044,42,1000000,1
1722352879046,42,1000000,1
1722352879048,42,1000000,1
1722352879050,43,1000000,1
1722352879052,45,1000000,2
1722352879054,44,1000000,1
1722352879056,43,1000000,1
1722352879058,43,1000000,1
1722352879060,43,1000000,1
1722352879062,42,1000000,1
1722352879064,42,1000000,1
1722352879066,42,1000000,1
1722352879068,42,1000000,1
1722352879070,43,1000000,1
1722352879072,45,1000000,2
1722352879074,44,1000000,1
1722352879076,43,1000000,1
1722352879078,43,1000000,1
1722352879080,42,1000000,1
1722352879082,42,1000000,1
1722352879084,42,1000000,1
1722352879086,42,1000000,1
1722352879088,42,1000000,1
1722352879090,44,1000000,1
1722352879092,45,1000000,2
1722352879095,44,1000000,1
1722352879096,43,1000000,1
1722352879098,43,1000000,1
1722352879100,42,1000000,1
1722352879103,42,1000000,1
1722352879105,42,1000000,1
1722352879106,42,1000000,1
1722352879109,42,1000000,1
1722352879111,44,1000000,1
1722352879113,44,1000000,2
1722352879115,44,1000000,1
1722352879117,43,1000000,1
1722352879119,42,1000000,1
1722352879121,42,1000000,1
1722352879123,42,1000000,1
1722352879125,42,1000000,1
1722352879127,42,1000000,1
1722352879129,43,1000000,1
1722352879131,43,1000000,1
1722352879133,44,1000000,2
1722352879135,43,1000000,1
1722352879137,43,1000000,1
1722352879139,43,1000000,1
1722352879141,43,1000000,1
1722352879143,42,1000000,1
1722352879145,42,1000000,1
1722352879147,42,1000000,1
1722352879149,43,1000000,1
1722352879151,45,1000000,1
1722352879153,45,1000000,2
1722352879155,43,1000000,1
1722352879157,43,1000000,1
1722352879159,43,1000000,1
1722352879161,42,1000000,1
1722352879163,42,1000000,1
1722352879165,42,1000000,1
1722352879167,42,1000000,1
1722352879169,42,1000000,1
1722352879171,45,1000000,1
1722352879173,45,1000000,2
1722352879175,43,1000000,1
1722352879177,43,1000000,1
1722352879179,43,1000000,1
1722352879181,42,1000000,1
1722352879183,43,1000000,1
1722352879184,42,1000000,1
1722352879186,42,1000000,1
1722352879189,43,1000000,1
1722352879190,44,1000000,1
1722352879192,44,1000000,2
1722352879194,44,1000000,1
1722352879196,43,1000000,1
1722352879198,43,1000000,1
1722352879200,42,1000000,1
1722352879202,42,1000000,1
1722352879205,42,1000000,1
1722352879207,42,1000000,1
1722352879208,43,1000000,1
1722352879211,44,1000000,1
1722352879213,44,1000000,2
1722352879215,43,1000000,1
1722352879217,43,1000000,1
1722352879219,43,1000000,1
1722352879221,42,1000000,1
1722352879223,42,1000000,1
1722352879225,41,1000000,1
1722352879227,42,1000000,1
1722352879229,43,1000000,1
1722352879231,45,1000000,1
1722352879233,45,1000000,2
1722352879235,43,1000000,1
1722352879237,43,1000000,1
1722352879239,43,1000000,1
1722352879241,42,1000000,1
1722352879243,42,1000000,1
1722352879245,42,1000000,1
1722352879247,43,1000000,1
1722352879249,42,1000000,1
1722352879251,45,1000000,1
1722352879253,44,1000000,1
1722352879255,43,1000000,1
1722352879257,43,1000000,1
1722352879259,43,1000000,1
1722352879261,42,1000000,1
1722352879263,43,1000000,1
1722352879265,42,1000000,1
1722352879267,42,1000000,1
1722352879269,43,1000000,1
1722352879271,45,1000000,2
1722352879273,44,1000000,2
1722352879275,43,1000000,1
1722352879277,43,1000000,1
1722352879279,43,1000000,1
1722352879281,42,1000000,1
1722352879283,42,1000000,1
1722352879285,42,1000000,1
1722352879287,42,1000000,1
1722352879289,43,1000000,1
1722352879291,45,1000000,2
1722352879293,44,1000000,2
1722352879295,43,1000000,1
1722352879297,43,1000000,1
1722352879299,43,1000000,1
1722352879301,42,1000000,1
1722352879303,42,1000000,1
1722352879305,42,1000000,1
1722352879308,43,1000000,1
1722352879309,43,1000000,1
1722352879311,45,1000000,1
1722352879314,44,1000000,1
1722352879316,43,1000000,1
1722352879318,43,1000000,1
1722352879320,43,1000000,1
1722352879322,42,1000000,1
1722352879324,42,1000000,1
1722352879326,42,1000000,1
1722352879328,42,1000000,1
1722352879330,43,1000000,1
1722352879332,45,1000000,1
1722352879334,44,1000000,1
1722352879336,43,1000000,1
1722352879338,43,1000000,1
1722352879340,42,1000000,1
1722352879342,42,1000000,1
1722352879344,43,1000000,1
1722352879346,42,1000000,1
1722352879348,42,1000000,1
1722352879350,44,1000000,1
1722352879352,45,1000000,2
1722352879354,44,1000000,1
1722352879356,43,1000000,1
1722352879358,43,1000000,1
1722352879360,42,1000000,1
1722352879362,42,1000000,1
1722352879364,42,1000000,1
1722352879366,42,1000000,1
1722352879368,43,1000000,1
1722352879370,43,1000000,1
1722352879372,45,1000000,2
1722352879374,44,1000000,1
1722352879376,43,1000000,1
1722352879378,43,1000000,1
1722352879380,42,1000000,1
1722352879382,42,1000000,1
1722352879384,42,1000000,1
1722352879386,42,1000000,1
1722352879388,43,1000000,1
1722352879390,43,1000000,1
1722352879392,44,1000000,2
1722352879394,44,1000000,1
1722352879396,43,1000000,1
1722352879398,43,1000000,1
1722352879400,42,1000000,1
1722352879403,42,1000000,1
1722352879404,42,1000000,1
1722352879406,42,1000000,1
1722352879408,43,1000000,1
1722352879411,45,1000000,1
1722352879412,45,1000000,2
1722352879414,44,1000000,1
1722352879417,43,1000000,1
1722352879419,43,1000000,1
1722352879421,42,1000000,1
1722352879423,42,1000000,1
1722352879425,42,1000000,1
1722352879427,42,1000000,1
1722352879429,42,1000000,1
1722352879431,44,1000000,1
1722352879433,44,1000000,2
1722352879435,44,1000000,1
1722352879437,43,1000000,1
1722352879439,43,1000000,1
1722352879441,42,1000000,1
1722352879443,42,1000000,1
1722352879445,42,1000000,1
1722352879447,42,1000000,1
1722352879449,43,1000000,1
1722352879451,43,1000000,1
1722352879453,44,1000000,2
1722352879455,43,1000000,1
1722352879457,43,1000000,1
1722352879459,43,1000000,1
1722352879461,42,1000000,1
1722352879463,42,1000000,1
1722352879465,42,1000000,1
1722352879467,42,1000000,1
1722352879469,43,1000000,1
1722352879471,45,1000000,1
1722352879473,45,1000000,2
1722352879475,43,1000000,1
1722352879477,43,1000000,1
1722352879479,43,1000000,1
1722352879481,42,1000000,1
1722352879483,42,1000000,1
1722352879485,42,1000000,1
1722352879487,42,1000000,1
1722352879489,43,1000000,1
1722352879491,45,1000000,1
1722352879493,44,1000000,2
1722352879495,43,1000000,1
1722352879497,43,1000000,1
1722352879499,43,1000000,1
1722352879501,42,1000000,1
1722352879503,42,1000000,1
1722352879505,42,1000000,1
1722352879507,42,1000000,1
1722352879509,43,1000000,1
1722352879511,44,1000000,1
1722352879514,44,1000000,2
1722352879515,43,1000000,1
1722352879517,43,1000000,1
1722352879520,43,1000000,1
1722352879522,42,1000000,1
1722352879524,42,1000000,1
1722352879526,42,1000000,1
1722352879528,42,1000000,1
1722352879530,43,1000000,1
1722352879532,44,1000000,1
1722352879534,44,1000000,2
1722352879536,43,1000000,1
1722352879538,43,1000000,1
1722352879540,43,1000000,1
1722352879542,42,1000000,1
1722352879544,42,1000000,1
1722352879546,42,1000000,1
1722352879548,42,1000000,1
1722352879550,43,1000000,1
1722352879552,45,1000000,1
1722352879554,44,1000000,1
1722352879556,43,1000000,1
1722352879557,43,1000000,1
1722352879559,43,1000000,1
1722352879561,42,1000000,1
1722352879563,42,1000000,1
1722352879565,42,1000000,1
1722352879567,42,1000000,1
1722352879569,43,1000000,1
1722352879571,45,1000000,1
1722352879573,44,1000000,1
1722352879575,43,1000000,1
1722352879577,43,1000000,1
1722352879579,42,1000000,1
1722352879581,42,1000000,1
1722352879583,42,1000000,1
1722352879585,42,1000000,1
1722352879587,42,1000000,1
1722352879589,43,1000000,1
1722352879591,45,1000000,2
1722352879593,44,1000000,2
1722352879595,43,1000000,1
1722352879597,43,1000000,1
1722352879599,43,1000000,1
1722352879601,42,1000000,1
1722352879603,43,1000000,1
1722352879605,42,1000000,1
1722352879607,43,1000000,1
1722352879609,43,1000000,1
1722352879611,45,1000000,2
1722352879613,44,1000000,2
1722352879616,43,1000000,1
1722352879617,43,1000000,1
1722352879619,43,1000000,1
1722352879622,42,1000000,1
1722352879624,42,1000000,1
1722352879626,42,1000000,1
1722352879628,42,1000000,1
1722352879630,43,1000000,1
1722352879632,45,1000000,2
1722352879634,44,1000000,1
1722352879636,43,1000000,1
1722352879638,43,1000000,1
1722352879640,43,1000000,1
1722352879642,42,1000000,1
1722352879644,42,1000000,1
1722352879646,42,1000000,1
1722352879648,42,1000000,1
1722352879650,44,1000000,1
1722352879652,45,1000000,1
1722352879654,44,1000000,1
1722352879656,43,1000000,1
1722352879658,43,1000000,1
1722352879660,43,1000000,1
1722352879662,42,1000000,1
1722352879664,42,1000000,1
1722352879666,42,1000000,1
1722352879668,42,1000000,1
1722352879670,43,1000000,1
1722352879672,44,1000000,2
1722352879674,44,1000000,1
1722352879676,43,1000000,1
1722352879678,43,1000000,1
1722352879680,42,1000000,1
1722352879682,42,1000000,1
1722352879684,42,1000000,1
1722352879686,42,1000000,1
1722352879688,43,1000000,1
1722352879690,43,1000000,1
1722352879692,45,1000000,2
1722352879694,44,1000000,1
1722352879696,43,1000000,1
1722352879698,43,1000000,1
1722352879700,42,1000000,1
1722352879702,42,1000000,1
1722352879704,42,1000000,1
1722352879706,42,1000000,1
1722352879708,43,1000000,1
1722352879710,43,1000000,1
1722352879712,45,1000000,2
1722352879714,44,1000000,1
1722352879716,43,1000000,1
1722352879718,43,1000000,1
1722352879721,43,1000000,1
1722352879723,42,1000000,1
1722352879725,42,1000000,1
1722352879727,42,1000000,1
1722352879729,43,1000000,1
1722352879731,43,1000000,1
1722352879733,45,1000000,2
1722352879735,43,1000000,1
1722352879737,43,1000000,1
1722352879739,43,1000000,1
1722352879741,42,1000000,1
1722352879743,42,1000000,1
1722352879745,42,1000000,1
1722352879747,42,1000000,1
1722352879749,43,1000000,1
1722352879751,44,1000000,1
1722352879753,45,1000000,2
1722352879755,44,1000000,1
1722352879757,43,1000000,1
1722352879759,43,1000000,1
1722352879761,42,1000000,1
1722352879763,42,1000000,1
1722352879765,42,1000000,1
1722352879767,42,1000000,1
1722352879769,43,1000000,1
1722352879771,44,1000000,1
1722352879773,44,1000000,2
1722352879775,44,1000000,1
1722352879777,43,1000000,1
1722352879779,43,1000000,1
1722352879781,42,1000000,1
1722352879783,42,1000000,1
1722352879785,42,1000000,1
1722352879787,42,1000000,1
1722352879789,43,1000000,1
1722352879791,43,1000000,1
1722352879793,44,1000000,2
1722352879795,43,1000000,1
1722352879797,43,1000000,1
1722352879799,43,1000000,1
1722352879801,42,1000000,1
1722352879803,42,1000000,1
1722352879805,42,1000000,1
1722352879807,42,1000000,1
1722352879809,43,1000000,1
1722352879811,45,1000000,1
1722352879813,45,1000000,2
1722352879815,43,1000000,1
1722352879817,43,1000000,1
1722352879819,43,1000000,1
1722352879822,42,1000000,1
1722352879824,42,1000000,1
1722352879825,42,1000000,1
1722352879827,42,1000000,1
1722352879830,42,1000000,1
1722352879832,45,1000000,1
1722352879834,44,1000000,2
1722352879836,44,1000000,1
1722352879838,43,1000000,1
1722352879840,43,1000000,1
1722352879842,42,1000000,1
1722352879844,43,1000000,1
1722352879846,42,1000000,1
1722352879848,42,1000000,1
1722352879850,43,1000000,1
1722352879852,44,1000000,1
1722352879854,44,1000000,2
1722352879856,43,1000000,1
1722352879858,43,1000000,1
1722352879860,43,1000000,1
1722352879862,42,1000000,1
1722352879864,42,1000000,1
1722352879866,42,1000000,1
1722352879868,42,1000000,1
1722352879870,43,1000000,1
1722352879872,45,1000000,1
1722352879874,44,1000000,2
1722352879876,43,1000000,1
1722352879878,43,1000000,1
1722352879880,43,1000000,1
1722352879882,42,1000000,1
1722352879884,42,1000000,1
1722352879886,42,1000000,1
1722352879888,42,1000000,1
1722352879890,43,1000000,1
1722352879892,45,1000000,1
1722352879894,44,1000000,1
1722352879896,43,1000000,1
1722352879898,43,1000000,1
1722352879900,43,1000000,1
1722352879902,42,1000000,1
1722352879904,43,1000000,1
1722352879906,42,1000000,1
1722352879908,42,1000000,1
1722352879910,42,1000000,1
1722352879912,45,1000000,1
1722352879914,44,1000000,2
1722352879916,43,1000000,1
1722352879918,43,1000000,1
1722352879920,43,1000000,1
1722352879922,42,1000000,1
1722352879924,43,1000000,1
1722352879926,42,1000000,1
1722352879928,42,1000000,1
1722352879930,43,1000000,1
1722352879932,45,1000000,2
1722352879934,44,1000000,2
1722352879936,43,1000000,1
1722352879938,43,1000000,1
1722352879940,42,1000000,1
1722352879942,42,1000000,1
1722352879944,43,1000000,1
1722352879946,42,1000000,1
1722352879948,42,1000000,1
1722352879950,43,1000000,1
1722352879952,45,1000000,2
1722352879954,44,1000000,1
1722352879956,43,1000000,1
1722352879958,43,1000000,1
1722352879960,42,1000000,1
1722352879962,42,1000000,1
1722352879964,42,1000000,1
1722352879966,42,1000000,1
1722352879968,42,1000000,1
1722352879970,43,1000000,1
1722352879972,45,1000000,1
1722352879974,44,1000000,1
1722352879976,43,1000000,1
1722352879978,43,1000000,1
1722352879980,42,1000000,1
1722352879982,42,1000000,1
1722352879984,42,1000000,1
1722352879986,42,1000000,1
1722352879988,42,1000000,1
1722352879990,44,1000000,1
1722352879992,45,1000000,1
1722352879994,44,1000000,2
1722352879996,43,1000000,1
1722352879998,43,1000000,1
1722352880000,42,1000000,1
1722352880002,42,1000000,1
1722352880004,42,1000000,1
1722352880006,42,1000000,1
1722352880008,42,1000000,1
1722352880010,43,1000000,1
1722352880012,45,1000000,2
1722352880014,44,1000000,2
1722352880016,43,1000000,1
1722352880018,43,1000000,1
1722352880020,42,1000000,1
1722352880022,42,1000000,1
1722352880024,42,1000000,1
1722352880026,42,1000000,1
1722352880029,43,1000000,1
1722352880031,44,1000000,1
1722352880032,45,1000000,2
1722352880035,44,1000000,1
1722352880037,43,1000000,1
1722352880039,43,1000000,1
1722352880041,43,1000000,1
1722352880043,42,1000000,1
1722352880045,42,1000000,1
1722352880047,42,1000000,1
1722352880049,42,1000000,1
1722352880051,44,1000000,1
1722352880053,45,1000000,1
1722352880055,43,1000000,1
1722352880057,43,1000000,1
1722352880059,43,1000000,1
1722352880061,42,1000000,1
1722352880063,42,1000000,1
1722352880065,42,1000000,1
1722352880067,42,1000000,1
1722352880069,43,1000000,1
1722352880071,45,1000000,1
1722352880073,44,1000000,2
1722352880075,44,1000000,1
1722352880077,43,1000000,1
1722352880079,43,1000000,1
1722352880081,42,1000000,1
1722352880083,43,1000000,1
1722352880085,42,1000000,1
1722352880087,42,1000000,1
1722352880089,43,1000000,1
1722352880091,44,1000000,1
1722352880093,44,1000000,2
1722352880095,44,1000000,1
1722352880097,43,1000000,1
1722352880099,43,1000000,1
1722352880101,42,1000000,1
1722352880103,42,1000000,1
1722352880105,42,1000000,1
1722352880107,42,1000000,1
1722352880109,43,1000000,1
1722352880111,43,1000000,1
1722352880113,44,1000000,2
1722352880115,43,1000000,1
1722352880117,43,1000000,1
1722352880119,43,1000000,1
1722352880121,42,1000000,1
1722352880123,42,1000000,1
1722352880125,42,1000000,1
1722352880127,42,1000000,1
1722352880129,43,1000000,1
1722352880131,45,1000000,1
1722352880134,44,1000000,1
1722352880135,43,1000000,1
1722352880138,43,1000000,1
1722352880140,42,1000000,1
1722352880142,42,1000000,1
1722352880144,43,1000000,1
1722352880146,42,1000000,1
1722352880148,42,1000000,1
1722352880150,42,1000000,1
1722352880152,45,1000000,1
1722352880154,44,1000000,2
1722352880156,43,1000000,1
1722352880158,43,1000000,1
1722352880160,43,1000000,1
1722352880162,42,1000000,1
1722352880164,42,1000000,1
1722352880166,42,1000000,1
1722352880168,42,1000000,1
1722352880170,43,1000000,1
1722352880172,45,1000000,2
1722352880174,44,1000000,2
1722352880176,43,1000000,1
1722352880178,43,1000000,1
1722352880180,42,1000000,1
1722352880182,42,1000000,1
1722352880184,42,1000000,1
1722352880186,42,1000000,1
1722352880188,42,1000000,1
1722352880190,43,1000000,1
1722352880192,45,1000000,1
1722352880194,45,1000000,2
1722352880196,43,1000000,1
1722352880198,43,1000000,1
1722352880200,43,1000000,1
1722352880202,42,1000000,1
1722352880204,42,1000000,1
1722352880206,42,1000000,1
1722352880208,42,1000000,1
1722352880210,43,1000000,1
1722352880212,45,1000000,1
1722352880214,44,1000000,1
1722352880216,43,1000000,1
1722352880218,43,1000000,1
1722352880220,43,1000000,1
1722352880222,42,1000000,1
1722352880224,42,1000000,1
1722352880226,41,1000000,1
1722352880228,43,1000000,1
1722352880230,44,1000000,1
1722352880232,45,1000000,1
1722352880234,44,1000000,1
1722352880237,43,1000000,1
1722352880238,43,1000000,1
1722352880240,42,1000000,1
1722352880243,42,1000000,1
1722352880245,42,1000000,1
1722352880247,42,1000000,1
1722352880249,42,1000000,1
1722352880251,43,1000000,1
1722352880253,45,1000000,2
1722352880255,44,1000000,2
1722352880257,43,1000000,1
1722352880259,43,1000000,1
1722352880261,42,1000000,1
1722352880263,43,1000000,1
1722352880265,43,1000000,1
1722352880267,42,1000000,1
1722352880269,42,1000000,1
1722352880271,43,1000000,1
1722352880273,45,1000000,2
1722352880275,44,1000000,1
1722352880277,43,1000000,1
1722352880279,43,1000000,1
1722352880281,43,1000000,1
1722352880283,42,1000000,1
1722352880285,42,1000000,1
1722352880287,42,1000000,1
1722352880289,42,1000000,1
1722352880291,43,1000000,1
1722352880293,45,1000000,2
1722352880295,44,1000000,1
1722352880297,43,1000000,1
1722352880299,43,1000000,1
1722352880301,42,1000000,1
1722352880303,42,1000000,1
1722352880305,42,1000000,1
1722352880307,42,1000000,1
1722352880308,43,1000000,1
1722352880310,44,1000000,1
1722352880312,45,1000000,2
1722352880314,44,1000000,1
1722352880316,43,1000000,1
1722352880318,43,1000000,1
1722352880320,42,1000000,1
1722352880322,42,1000000,1
1722352880324,42,1000000,1
1722352880326,42,1000000,1
1722352880328,42,1000000,1
1722352880330,43,1000000,1
1722352880332,44,1000000,2
1722352880334,44,1000000,1
1722352880337,43,1000000,1
1722352880338,43,1000000,1
1722352880340,42,1000000,1
1722352880342,42,1000000,1
1722352880345,42,1000000,1
1722352880347,42,1000000,1
1722352880349,43,1000000,1
1722352880351,43,1000000,1
1722352880353,45,1000000,2
1722352880355,43,1000000,1
1722352880357,43,1000000,1
1722352880359,43,1000000,1
1722352880361,43,1000000,1
1722352880363,42,1000000,1
1722352880365,42,1000000,1
1722352880367,42,1000000,1
1722352880369,43,1000000,1
1722352880371,45,1000000,1
1722352880373,45,1000000,2
1722352880375,44,1000000,1
1722352880377,43,1000000,1
1722352880379,43,1000000,1
1722352880381,42,1000000,1
1722352880383,42,1000000,1
1722352880385,42,1000000,1
1722352880387,42,1000000,1
1722352880389,42,1000000,1
1722352880391,44,1000000,1
1722352880393,44,1000000,2
1722352880395,44,1000000,1
1722352880397,43,1000000,1
1722352880399,43,1000000,1
1722352880401,42,1000000,1
1722352880403,42,1000000,1
1722352880405,42,1000000,1
1722352880407,42,1000000,1
1722352880409,43,1000000,1
1722352880411,44,1000000,1
1722352880413,45,1000000,2
1722352880415,44,1000000,1
1722352880417,43,1000000,1
1722352880419,43,1000000,1
1722352880421,42,1000000,1
1722352880423,42,1000000,1
1722352880425,42,1000000,1
1722352880427,42,1000000,1
1722352880429,43,1000000,1
1722352880431,45,1000000,1
1722352880433,44,1000000,2
1722352880435,43,1000000,1
1722352880437,43,1000000,1
1722352880440,43,1000000,1
1722352880441,42,1000000,1
1722352880443,42,1000000,1
1722352880446,42,1000000,1
1722352880448,42,1000000,1
1722352880449,43,1000000,1
1722352880452,45,1000000,1
1722352880454,44,1000000,1
1722352880456,43,1000000,1
1722352880458,43,1000000,1
1722352880460,43,1000000,1
1722352880462,42,1000000,1
1722352880464,42,1000000,1
1722352880466,42,1000000,1
1722352880468,42,1000000,1
1722352880470,43,1000000,1
1722352880472,45,1000000,1
1722352880474,44,1000000,1
1722352880476,44,1000000,1
1722352880478,43,1000000,1
1722352880480,43,1000000,1
1722352880482,42,1000000,1
1722352880484,42,1000000,1
1722352880486,42,1000000,1
1722352880488,42,1000000,1
1722352880490,43,1000000,1
1722352880492,45,1000000,2
1722352880494,44,1000000,2
1722352880496,43,1000000,1
1722352880498,43,1000000,1
1722352880500,42,1000000,1
1722352880502,42,1000000,1
1722352880504,42,1000000,1
1722352880506,42,1000000,1
1722352880508,42,1000000,1
1722352880510,43,1000000,1
1722352880512,45,1000000,1
1722352880514,44,1000000,2
1722352880516,43,1000000,1
1722352880518,43,1000000,1
1722352880520,43,1000000,1
1722352880522,42,1000000,1
1722352880524,42,1000000,1
1722352880526,42,1000000,1
1722352880528,42,1000000,1
1722352880530,43,1000000,1
1722352880532,45,1000000,1
1722352880534,44,1000000,1
1722352880536,43,1000000,1
1722352880538,43,1000000,1
1722352880540,43,1000000,1
1722352880542,42,1000000,1
1722352880544,42,1000000,1
1722352880546,42,1000000,1
1722352880549,42,1000000,1
1722352880551,44,1000000,1
1722352880552,45,1000000,1
1722352880555,44,1000000,1
1722352880557,43,1000000,1
1722352880559,43,1000000,1
1722352880561,42,1000000,1
1722352880563,42,1000000,1
1722352880565,43,1000000,1
1722352880567,42,1000000,1
1722352880569,43,1000000,1
1722352880571,43,1000000,1
1722352880573,45,1000000,2
1722352880575,44,1000000,2
1722352880577,43,1000000,1
1722352880579,43,1000000,1
1722352880581,43,1000000,1
1722352880583,42,1000000,1
1722352880585,42,1000000,1
1722352880587,42,1000000,1
1722352880589,42,1000000,1
1722352880591,43,1000000,1
1722352880593,44,1000000,2
1722352880595,44,1000000,1
1722352880597,43,1000000,1
1722352880599,43,1000000,1
1722352880601,42,1000000,1
1722352880603,42,1000000,1
1722352880605,42,1000000,1
1722352880607,42,1000000,1
1722352880609,42,1000000,1
1722352880611,43,1000000,1
1722352880613,45,1000000,2
1722352880615,44,1000000,1
1722352880617,43,1000000,1
1722352880619,43,1000000,1
1722352880621,42,1000000,1
1722352880623,42,1000000,1
1722352880625,42,1000000,1
1722352880627,42,1000000,1
1722352880629,42,1000000,1
1722352880631,44,1000000,1
1722352880633,45,1000000,2
1722352880635,44,1000000,1
1722352880637,43,1000000,1
1722352880639,43,1000000,1
1722352880641,42,1000000,1
1722352880643,42,1000000,1
1722352880646,42,1000000,1
1722352880647,42,1000000,1
1722352880649,42,1000000,1
1722352880652,44,1000000,1
1722352880654,44,1000000,2
1722352880655,44,1000000,1
1722352880658,43,1000000,1
1722352880660,43,1000000,1
1722352880662,42,1000000,1
1722352880664,42,1000000,1
1722352880666,42,1000000,1
1722352880668,42,1000000,1
1722352880670,43,1000000,1
1722352880672,43,1000000,1
1722352880674,44,1000000,2
1722352880676,43,1000000,1
1722352880678,43,1000000,1
1722352880679,43,1000000,1
1722352880681,42,1000000,1
1722352880683,42,1000000,1
1722352880685,42,1000000,1
1722352880687,42,1000000,1
1722352880689,43,1000000,1
1722352880691,45,1000000,1
1722352880693,44,1000000,2
1722352880695,43,1000000,1
1722352880697,43,1000000,1
1722352880699,43,1000000,1
1722352880701,42,1000000,1
1722352880703,42,1000000,1
1722352880705,42,1000000,1
1722352880707,42,1000000,1
1722352880709,43,1000000,1
1722352880711,45,1000000,1
1722352880713,44,1000000,2
1722352880715,43,1000000,1
1722352880717,43,1000000,1
1722352880719,43,1000000,1
1722352880721,42,1000000,1
1722352880723,42,1000000,1
1722352880725,42,1000000,1
1722352880727,42,1000000,1
1722352880729,43,1000000,1
1722352880731,44,1000000,1
1722352880733,44,1000000,2
1722352880735,43,1000000,1
1722352880737,43,1000000,1
1722352880739,43,1000000,1
1722352880741,42,1000000,1
1722352880743,42,1000000,1
1722352880745,42,1000000,1
1722352880747,42,1000000,1
1722352880749,43,1000000,1
1722352880751,45,1000000,1
1722352880754,44,1000000,2
1722352880756,43,1000000,1
1722352880757,43,1000000,1
1722352880759,43,1000000,1
1722352880762,42,1000000,1
1722352880764,42,1000000,1
1722352880766,42,1000000,1
1722352880768,42,1000000,1
1722352880770,43,1000000,1
1722352880772,45,1000000,1
1722352880774,44,1000000,1
1722352880776,43,1000000,1
1722352880778,43,1000000,1
1722352880780,43,1000000,1
1722352880782,42,1000000,1
1722352880784,42,1000000,1
1722352880786,42,1000000,1
1722352880788,43,1000000,1
1722352880790,43,1000000,1
1722352880792,45,1000000,1
1722352880794,44,1000000,1
1722352880796,43,1000000,1
1722352880798,43,1000000,1
1722352880800,42,1000000,1
1722352880802,42,1000000,1
1722352880804,42,1000000,1
1722352880806,42,1000000,1
1722352880808,42,1000000,1
1722352880810,43,1000000,1
1722352880812,45,1000000,2
1722352880814,44,1000000,1
1722352880816,43,1000000,1
1722352880818,43,1000000,1
1722352880820,43,1000000,1
1722352880822,42,1000000,1
1722352880824,43,1000000,1
1722352880826,42,1000000,1
1722352880828,42,1000000,1
1722352880830,44,1000000,1
1722352880832,45,1000000,2
1722352880834,44,1000000,1
1722352880836,43,1000000,1
1722352880838,43,1000000,1
1722352880840,43,1000000,1
1722352880842,42,1000000,1
1722352880844,43,1000000,1
1722352880846,42,1000000,1
1722352880848,43,1000000,1
1722352880851,43,1000000,1
1722352880852,45,1000000,2
1722352880854,44,1000000,1
1722352880857,43,1000000,1
1722352880859,43,1000000,1
1722352880860,43,1000000,1
1722352880863,42,1000000,1
1722352880865,42,1000000,1
1722352880867,42,1000000,1
1722352880869,43,1000000,1
1722352880871,44,1000000,1
1722352880873,45,1000000,1
1722352880875,44,1000000,1
1722352880877,43,1000000,1
1722352880879,43,1000000,1
1722352880881,42,1000000,1
1722352880883,42,1000000,1
1722352880885,42,1000000,1
1722352880887,42,1000000,1
1722352880889,42,1000000,1
1722352880891,43,1000000,1
1722352880893,44,1000000,2
1722352880895,44,1000000,1
1722352880897,43,1000000,1
1722352880899,43,1000000,1
1722352880901,42,1000000,1
1722352880903,43,1000000,1
1722352880905,43,1000000,1
1722352880907,42,1000000,1
1722352880909,42,1000000,1
1722352880911,43,1000000,1
1722352880913,45,1000000,2
1722352880915,44,1000000,1
1722352880917,43,1000000,1
1722352880919,43,1000000,1
1722352880921,43,1000000,1
1722352880923,42,1000000,1
1722352880925,42,1000000,1
1722352880927,42,1000000,1
1722352880929,42,1000000,1
1722352880931,45,1000000,1
1722352880933,44,1000000,2
1722352880935,44,1000000,1
1722352880937,43,1000000,1
1722352880939,43,1000000,1
1722352880941,42,1000000,1
1722352880943,42,1000000,1
1722352880945,42,1000000,1
1722352880947,42,1000000,1
1722352880949,43,1000000,1
1722352880951,45,1000000,1
1722352880953,45,1000000,2
1722352880955,44,1000000,1
1722352880957,43,1000000,1
1722352880960,43,1000000,1
1722352880962,42,1000000,1
1722352880963,42,1000000,1
1722352880966,42,1000000,1
1722352880968,42,1000000,1
1722352880970,42,1000000,1
1722352880972,44,1000000,1
1722352880974,44,1000000,2
1722352880976,44,1000000,1
1722352880978,43,1000000,1
1722352880980,43,1000000,1
1722352880982,42,1000000,1
1722352880984,42,1000000,1
1722352880986,42,1000000,1
1722352880988,42,1000000,1
1722352880990,43,1000000,1
1722352880992,44,1000000,1
1722352880994,44,1000000,2
1722352880996,43,1000000,1
1722352880998,43,1000000,1
1722352881000,43,1000000,1
1722352881002,42,1000000,1
1722352881004,42,1000000,1
1722352881006,42,1000000,1
1722352881008,42,1000000,1
1722352881010,43,1000000,1
1722352881012,45,1000000,1
1722352881014,44,1000000,2
1722352881016,43,1000000,1
1722352881018,43,1000000,1
1722352881020,43,1000000,1
1722352881022,42,1000000,1
1722352881024,42,1000000,1
1722352881026,42,1000000,1
1722352881028,42,1000000,1
1722352881030,43,1000000,1
1722352881032,45,1000000,1
1722352881034,44,1000000,1
1722352881036,43,1000000,1
1722352881038,43,1000000,1
1722352881040,43,1000000,1
1722352881041,42,1000000,1
1722352881043,43,1000000,1
1722352881045,42,1000000,1
1722352881047,42,1000000,1
1722352881049,43,1000000,1
1722352881051,45,1000000,1
1722352881053,44,1000000,2
1722352881055,43,1000000,1
1722352881057,43,1000000,1
1722352881059,43,1000000,1
1722352881061,42,1000000,1
1722352881064,42,1000000,1
1722352881066,42,1000000,1
1722352881067,43,1000000,1
1722352881070,43,1000000,1
1722352881072,45,1000000,2
1722352881074,44,1000000,2
1722352881076,43,1000000,1
1722352881078,43,1000000,1
1722352881080,43,1000000,1
1722352881082,42,1000000,1
1722352881084,42,1000000,1
1722352881086,42,1000000,1
1722352881088,42,1000000,1
1722352881090,43,1000000,1
1722352881092,45,1000000,1
1722352881094,44,1000000,1
1722352881096,43,1000000,1
1722352881098,43,1000000,1
1722352881100,43,1000000,1
1722352881102,42,1000000,1
1722352881104,42,1000000,1
1722352881106,42,1000000,1
1722352881108,43,1000000,1
1722352881110,44,1000000,1
1722352881112,45,1000000,1
1722352881114,44,1000000,2
1722352881116,43,1000000,1
1722352881118,43,1000000,1
1722352881120,42,1000000,1
1722352881122,42,1000000,1
1722352881124,42,1000000,1
1722352881126,42,1000000,1
1722352881128,42,1000000,1
1722352881130,43,1000000,1
1722352881132,45,1000000,2
1722352881134,44,1000000,1
1722352881136,43,1000000,1
1722352881138,43,1000000,1
1722352881140,43,1000000,1
1722352881142,42,1000000,1
1722352881144,42,1000000,1
1722352881146,42,1000000,1
1722352881148,42,1000000,1
1722352881150,44,1000000,1
1722352881152,45,1000000,2
1722352881154,44,1000000,1
1722352881156,43,1000000,1
1722352881158,43,1000000,1
1722352881160,43,1000000,1
1722352881162,42,1000000,1
1722352881164,43,1000000,1
1722352881167,42,1000000,1
1722352881169,42,1000000,1
1722352881170,43,1000000,1
1722352881173,45,1000000,2
1722352881175,44,1000000,1
1722352881177,43,1000000,1
1722352881179,43,1000000,1
1722352881181,42,1000000,1
1722352881183,42,1000000,1
1722352881185,42,1000000,1
1722352881187,42,1000000,1
1722352881189,42,1000000,1
1722352881191,44,1000000,1
1722352881193,45,1000000,1
1722352881195,44,1000000,2
1722352881197,43,1000000,1
1722352881199,43,1000000,1
1722352881201,42,1000000,1
1722352881203,42,1000000,1
1722352881205,42,1000000,1
1722352881207,42,1000000,1
1722352881209,43,1000000,1
1722352881211,44,1000000,1
1722352881213,45,1000000,2
1722352881215,44,1000000,2
1722352881217,43,1000000,1
1722352881219,43,1000000,1
1722352881221,42,1000000,1
1722352881223,42,1000000,1
1722352881225,42,1000000,1
1722352881227,42,1000000,1
1722352881229,43,1000000,1
1722352881231,43,1000000,1
1722352881233,45,1000000,2
1722352881235,43,1000000,1
1722352881237,43,1000000,1
1722352881239,43,1000000,1
1722352881241,42,1000000,1
1722352881243,42,1000000,1
1722352881245,42,1000000,1
1722352881247,42,1000000,1
1722352881249,43,1000000,1
1722352881251,45,1000000,1
1722352881253,45,1000000,2
1722352881255,43,1000000,1
1722352881257,43,1000000,1
1722352881259,43,1000000,1
1722352881262,42,1000000,1
1722352881263,42,1000000,1
1722352881265,42,1000000,1
1722352881267,42,1000000,1
1722352881270,43,1000000,1
1722352881271,45,1000000,1
1722352881273,45,1000000,2
1722352881276,43,1000000,1
1722352881278,43,1000000,1
1722352881280,43,1000000,1
1722352881282,42,1000000,1
1722352881284,42,1000000,1
1722352881286,42,1000000,1
1722352881288,42,1000000,1
1722352881290,43,1000000,1
1722352881292,44,1000000,1
1722352881294,44,1000000,1
1722352881296,44,1000000,1
1722352881298,43,1000000,1
1722352881300,43,1000000,1
1722352881302,42,1000000,1
1722352881304,43,1000000,1
1722352881306,42,1000000,1
1722352881308,43,1000000,1
1722352881310,43,1000000,1
1722352881312,44,1000000,1
1722352881314,44,1000000,2
1722352881316,43,1000000,1
1722352881318,43,1000000,1
1722352881320,43,1000000,1
1722352881322,42,1000000,1
1722352881324,42,1000000,1
1722352881326,42,1000000,1
1722352881328,42,1000000,1
1722352881330,43,1000000,1
1722352881332,45,1000000,1
1722352881334,44,1000000,1
1722352881336,43,1000000,1
1722352881338,43,1000000,1
1722352881340,43,1000000,1
1722352881342,42,1000000,1
1722352881344,42,1000000,1
1722352881346,42,1000000,1
1722352881348,42,1000000,1
1722352881350,42,1000000,1
1722352881352,45,1000000,1
1722352881354,44,1000000,2
1722352881356,43,1000000,1
1722352881358,43,1000000,1
1722352881360,42,1000000,1
1722352881362,42,1000000,1
1722352881364,42,1000000,1
1722352881366,42,1000000,1
1722352881368,42,1000000,1
1722352881370,43,1000000,1
1722352881373,45,1000000,1
1722352881374,44,1000000,2
1722352881376,43,1000000,1
1722352881379,43,1000000,1
1722352881381,43,1000000,1
1722352881383,42,1000000,1
1722352881384,43,1000000,1
1722352881387,42,1000000,1
1722352881389,42,1000000,1
1722352881391,43,1000000,1
1722352881393,45,1000000,1
1722352881395,44,1000000,2
1722352881397,43,1000000,1
1722352881399,43,1000000,1
1722352881401,43,1000000,1
1722352881403,42,1000000,1
1722352881405,42,1000000,1
1722352881407,42,1000000,1
1722352881409,43,1000000,1
1722352881411,43,1000000,1
1722352881413,45,1000000,1
1722352881415,44,1000000,1
1722352881417,43,1000000,1
1722352881419,43,1000000,1
1722352881421,43,1000000,1
1722352881423,42,1000000,1
1722352881425,42,1000000,1
1722352881427,42,1000000,1
1722352881428,43,1000000,1
1722352881430,44,1000000,1
1722352881432,45,1000000,1
1722352881434,44,1000000,1
1722352881436,43,1000000,1
1722352881438,43,1000000,1
1722352881440,42,1000000,1
1722352881442,42,1000000,1
1722352881444,43,1000000,1
1722352881446,42,1000000,1
1722352881448,42,1000000,1
1722352881450,43,1000000,1
1722352881452,45,1000000,2
1722352881454,44,1000000,2
1722352881456,43,1000000,1
1722352881458,43,1000000,1
1722352881460,42,1000000,1
1722352881462,42,1000000,1
1722352881464,42,1000000,1
1722352881466,42,1000000,1
1722352881468,42,1000000,1
1722352881470,43,1000000,1
1722352881472,45,1000000,2
1722352881475,44,1000000,1
1722352881477,43,1000000,1
1722352881478,43,1000000,1
1722352881480,42,1000000,1
1722352881483,42,1000000,1
1722352881485,42,1000000,1
1722352881486,42,1000000,1
1722352881489,43,1000000,1
1722352881491,43,1000000,1
1722352881493,45,1000000,2
1722352881495,43,1000000,1
1722352881497,43,1000000,1
1722352881499,43,1000000,1
1722352881501,42,1000000,1
1722352881503,42,1000000,1
1722352881505,42,1000000,1
1722352881507,42,1000000,1
1722352881509,42,1000000,1
1722352881511,44,1000000,1
1722352881513,45,1000000,2
1722352881515,44,1000000,1
1722352881517,43,1000000,1
1722352881519,43,1000000,1
1722352881521,42,1000000,1
1722352881523,42,1000000,1
1722352881525,42,1000000,1
1722352881527,42,1000000,1
1722352881529,43,1000000,1
1722352881531,44,1000000,1
1722352881533,44,1000000,2
1722352881535,44,1000000,1
1722352881537,43,1000000,1
1722352881539,43,1000000,1
1722352881541,42,1000000,1
1722352881543,42,1000000,1
1722352881545,42,1000000,1
1722352881547,42,1000000,1
1722352881549,43,1000000,1
1722352881551,43,1000000,1
1722352881553,44,1000000,2
1722352881555,43,1000000,1
1722352881557,43,1000000,1
1722352881559,43,1000000,1
1722352881561,42,1000000,1
1722352881563,42,1000000,1
1722352881565,42,1000000,1
1722352881567,42,1000000,1
1722352881569,43,1000000,1
1722352881571,45,1000000,1
1722352881573,44,1000000,2
1722352881575,43,1000000,1
1722352881577,43,1000000,1
1722352881579,43,1000000,1
1722352881581,42,1000000,1
1722352881583,42,1000000,1
1722352881586,42,1000000,1
1722352881588,42,1000000,1
1722352881589,43,1000000,1
1722352881592,45,1000000,1
1722352881594,45,1000000,2
1722352881596,43,1000000,1
1722352881598,43,1000000,1
1722352881600,43,1000000,1
1722352881602,42,1000000,1
1722352881604,43,1000000,1
1722352881606,42,1000000,1
1722352881608,42,1000000,1
1722352881610,43,1000000,1
1722352881612,44,1000000,1
1722352881614,44,1000000,2
1722352881616,44,1000000,1
1722352881618,43,1000000,1
1722352881620,43,1000000,1
1722352881622,42,1000000,1
1722352881624,43,1000000,1
1722352881626,42,1000000,1
1722352881628,42,1000000,1
1722352881630,43,1000000,1
1722352881632,44,1000000,1
1722352881634,44,1000000,1
1722352881636,43,1000000,1
1722352881638,43,1000000,1
1722352881640,43,1000000,1
1722352881642,42,1000000,1
1722352881644,42,1000000,1
1722352881646,42,1000000,1
1722352881648,42,1000000,1
1722352881650,43,1000000,1
1722352881652,45,1000000,1
1722352881654,45,1000000,2
1722352881656,43,1000000,1
1722352881658,43,1000000,1
1722352881660,43,1000000,1
1722352881662,42,1000000,1
1722352881664,42,1000000,1
1722352881666,42,1000000,1
1722352881668,42,1000000,1
1722352881670,43,1000000,1
1722352881672,45,1000000,1
1722352881674,44,1000000,1
1722352881676,43,1000000,1
1722352881678,43,1000000,1
1722352881680,43,1000000,1
1722352881682,42,1000000,1
1722352881684,43,1000000,1
1722352881686,42,1000000,1
1722352881689,42,1000000,1
1722352881691,43,1000000,1
1722352881692,45,1000000,1
1722352881695,44,1000000,2
1722352881697,43,1000000,1
1722352881699,43,1000000,1
1722352881701,43,1000000,1
1722352881703,42,1000000,1
1722352881705,42,1000000,1
1722352881707,42,1000000,1
1722352881709,42,1000000,1
1722352881711,43,1000000,1
1722352881713,45,1000000,2
1722352881715,44,1000000,2
1722352881717,43,1000000,1
1722352881719,43,1000000,1
1722352881721,43,1000000,1
1722352881723,42,1000000,1
1722352881725,42,1000000,1
1722352881727,42,1000000,1
1722352881729,42,1000000,1
1722352881731,43,1000000,1
1722352881733,45,1000000,1
1722352881735,44,1000000,1
1722352881737,43,1000000,1
1722352881739,43,1000000,1
1722352881741,43,1000000,1
1722352881743,42,1000000,1
1722352881745,42,1000000,1
1722352881747,42,1000000,1
1722352881749,42,1000000,1
1722352881751,44,1000000,1
1722352881753,45,1000000,1
1722352881755,44,1000000,1
1722352881757,43,1000000,1
1722352881759,43,1000000,1
1722352881761,42,1000000,1
1722352881763,42,1000000,1
1722352881765,42,1000000,1
1722352881767,42,1000000,1
1722352881769,43,1000000,1
1722352881771,44,1000000,1
1722352881773,45,1000000,2
1722352881775,44,1000000,1
1722352881777,43,1000000,1
1722352881779,43,1000000,1
1722352881781,42,1000000,1
1722352881783,42,1000000,1
1722352881785,42,1000000,1
1722352881787,42,1000000,1
1722352881789,43,1000000,1
1722352881792,43,1000000,1
1722352881794,44,1000000,2
1722352881796,44,1000000,1
1722352881798,43,1000000,1
1722352881800,43,1000000,1
1722352881801,43,1000000,1
1722352881803,42,1000000,1
1722352881805,42,1000000,1
1722352881808,42,1000000,1
1722352881809,43,1000000,1
1722352881811,43,1000000,1
1722352881813,45,1000000,2
1722352881815,43,1000000,1
1722352881817,43,1000000,1
1722352881819,43,1000000,1
1722352881821,42,1000000,1
1722352881823,42,1000000,1
1722352881825,42,1000000,1
1722352881827,42,1000000,1
1722352881829,42,1000000,1
1722352881831,45,1000000,1
1722352881833,45,1000000,2
1722352881835,44,1000000,1
1722352881837,43,1000000,1
1722352881839,43,1000000,1
1722352881841,42,1000000,1
1722352881843,42,1000000,1
1722352881845,42,1000000,1
1722352881847,42,1000000,1
1722352881849,43,1000000,1
1722352881851,44,1000000,1
1722352881853,44,1000000,2
1722352881855,44,1000000,1
1722352881857,43,1000000,1
1722352881859,43,1000000,1
1722352881861,42,1000000,1
1722352881863,42,1000000,1
1722352881865,42,1000000,1
1722352881867,42,1000000,1
1722352881869,43,1000000,1
1722352881871,44,1000000,1
1722352881873,44,1000000,2
1722352881875,43,1000000,1
1722352881877,43,1000000,1
1722352881879,43,1000000,1
1722352881881,42,1000000,1
1722352881883,42,1000000,1
1722352881885,42,1000000,1
1722352881887,42,1000000,1
1722352881889,43,1000000,1
1722352881891,45,1000000,1
1722352881893,45,1000000,2
1722352881896,43,1000000,1
1722352881898,43,1000000,1
1722352881900,43,1000000,1
1722352881902,42,1000000,1
1722352881904,42,1000000,1
1722352881906,42,1000000,1
1722352881908,42,1000000,1
1722352881910,42,1000000,1
1722352881912,45,1000000,1
1722352881914,44,1000000,2
1722352881916,44,1000000,1
1722352881918,43,1000000,1
1722352881920,43,1000000,1
1722352881922,42,1000000,1
1722352881924,43,1000000,1
1722352881926,42,1000000,1
1722352881928,42,1000000,1
1722352881930,43,1000000,1
1722352881932,45,1000000,1
1722352881934,44,1000000,2
1722352881936,44,1000000,1
1722352881938,43,1000000,1
1722352881940,42,1000000,1
1722352881942,42,1000000,1
1722352881944,43,1000000,1
1722352881946,42,1000000,1
1722352881948,42,1000000,1
1722352881950,43,1000000,1
1722352881952,44,1000000,1
1722352881954,44,1000000,2
1722352881956,43,1000000,1
1722352881958,43,1000000,1
1722352881960,43,1000000,1
1722352881962,42,1000000,1
1722352881964,42,1000000,1
1722352881966,42,1000000,1
1722352881968,42,1000000,1
1722352881970,43,1000000,1
1722352881972,45,1000000,1
1722352881974,44,1000000,1
1722352881976,43,1000000,1
1722352881978,43,1000000,1
1722352881980,43,1000000,1
1722352881982,42,1000000,1
1722352881984,42,1000000,1
1722352881986,42,1000000,1
1722352881988,43,1000000,1
1722352881990,43,1000000,1
1722352881992,45,1000000,1
1722352881994,44,1000000,1
1722352881997,43,1000000,1
1722352881999,43,1000000,1
1722352882001,42,1000000,1
1722352882002,42,1000000,1
1722352882005,43,1000000,1
1722352882007,42,1000000,1
1722352882009,42,1000000,1
1722352882011,44,1000000,1
1722352882013,45,1000000,2
1722352882015,44,1000000,1
1722352882017,43,1000000,1
1722352882019,43,1000000,1
1722352882021,42,1000000,1
1722352882023,43,1000000,1
1722352882025,42,1000000,1
1722352882027,42,1000000,1
1722352882029,42,1000000,1
1722352882031,43,1000000,1
1722352882033,45,1000000,2
1722352882035,44,1000000,2
1722352882037,43,1000000,1
1722352882039,43,1000000,1
1722352882041,43,1000000,1
1722352882043,42,1000000,1
1722352882045,42,1000000,1
1722352882047,42,1000000,1
1722352882049,43,1000000,1
1722352882051,43,1000000,1
1722352882053,45,1000000,2
1722352882055,43,1000000,1
1722352882057,43,1000000,1
1722352882059,43,1000000,1
1722352882061,43,1000000,1
1722352882063,42,1000000,1
1722352882065,42,1000000,1
1722352882067,42,1000000,1
1722352882069,43,1000000,1
1722352882071,44,1000000,1
1722352882073,45,1000000,1
1722352882075,44,1000000,1
1722352882077,43,1000000,1
1722352882079,43,1000000,1
1722352882081,42,1000000,1
1722352882083,42,1000000,1
1722352882085,42,1000000,1
1722352882087,42,1000000,1
1722352882089,42,1000000,1
1722352882091,44,1000000,1
1722352882093,44,1000000,2
1722352882095,44,1000000,1
1722352882097,43,1000000,1
1722352882099,43,1000000,1
1722352882102,42,1000000,1
1722352882104,42,1000000,1
1722352882106,42,1000000,1
1722352882108,42,1000000,1
1722352882110,42,1000000,1
1722352882112,43,1000000,1
1722352882114,44,1000000,2
1722352882116,44,1000000,1
1722352882118,43,1000000,1
1722352882120,43,1000000,1
1722352882122,42,1000000,1
1722352882124,42,1000000,1
1722352882126,42,1000000,1
1722352882128,42,1000000,1
1722352882130,43,1000000,1
1722352882132,43,1000000,1
1722352882134,45,1000000,2
1722352882136,43,1000000,1
1722352882138,43,1000000,1
1722352882140,43,1000000,1
1722352882142,42,1000000,1
1722352882144,42,1000000,1
1722352882146,42,1000000,1
1722352882148,42,1000000,1
1722352882150,43,1000000,1
1722352882152,45,1000000,1
1722352882154,45,1000000,2
1722352882156,43,1000000,1
1722352882158,43,1000000,1
1722352882160,43,1000000,1
1722352882162,42,1000000,1
1722352882164,43,1000000,1
1722352882166,42,1000000,1
1722352882168,42,1000000,1
1722352882170,43,1000000,1
1722352882172,45,1000000,1
1722352882174,44,1000000,2
1722352882175,43,1000000,1
1722352882177,43,1000000,1
1722352882179,42,1000000,1
1722352882181,42,1000000,1
1722352882183,43,1000000,1
1722352882185,42,1000000,1
1722352882187,42,1000000,1
1722352882189,43,1000000,1
1722352882191,44,1000000,1
1722352882193,44,1000000,2
1722352882195,43,1000000,1
1722352882197,43,1000000,1
1722352882199,43,1000000,1
1722352882201,42,1000000,1
1722352882204,42,1000000,1
1722352882206,42,1000000,1
1722352882207,42,1000000,1
1722352882210,43,1000000,1
1722352882212,45,1000000,1
1722352882214,44,1000000,2
1722352882216,43,1000000,1
1722352882218,43,1000000,1
1722352882220,43,1000000,1
1722352882222,42,1000000,1
1722352882224,42,1000000,1
1722352882226,42,1000000,1
1722352882228,42,1000000,1
1722352882230,43,1000000,1
1722352882232,45,1000000,1
1722352882234,44,1000000,1
1722352882236,43,1000000,1
1722352882238,43,1000000,1
1722352882240,43,1000000,1
1722352882242,42,1000000,1
1722352882244,42,1000000,1
1722352882246,42,1000000,1
1722352882248,42,1000000,1
