timestamp,dbm
1722428152459,-98.06484533235229
1722428152499,-98.05615325143485
1722428152539,-98.05615325143485
1722428152597,-98.05615325143485
1722428152661,-98.05615325143485
1722428152734,-97.60840511896164
1722428152796,-97.60840511896164
1722428152864,-97.60840511896164
1722428152928,-97.60840511896164
1722428152994,-97.73966988423456
1722428153046,-97.73966988423456
1722428153098,-97.73966988423456
1722428153159,-97.73966988423456
1722428153228,-98.07605336639719
1722428153291,-98.07605336639719
1722428153360,-98.07605336639719
1722428153421,-98.07605336639719
1722428153495,-97.63099188718692
1722428153562,-97.63099188718692
1722428153624,-97.63099188718692
1722428153708,-97.63099188718692
1722428153783,-97.82441691118068
1722428153844,-97.82441691118068
1722428153909,-97.82441691118068
1722428153978,-98.1099272356866
1722428154046,-98.1099272356866
1722428154111,-98.1099272356866
1722428154182,-98.1099272356866
1722428154254,-97.66206381490204
1722428154298,-97.66206381490204
1722428154383,-97.66206381490204
1722428154425,-97.66206381490204
1722428154493,-97.62300697770988
1722428154556,-97.62300697770988
1722428154629,-97.62300697770988
1722428154693,-97.62300697770988
1722428154762,-97.98265768230424
1722428154832,-97.98265768230424
1722428154876,-97.98265768230424
1722428154941,-97.98265768230424
1722428155017,-98.11649477398979
1722428155075,-98.11649477398979
1722428155153,-98.11649477398979
1722428155228,-97.94753055641438
1722428155278,-97.94753055641438
1722428155340,-97.94753055641438
1722428155414,-97.94753055641438
1722428155485,-98.29374081929822
1722428155542,-98.29374081929822
1722428155626,-98.29374081929822
1722428155692,-98.29374081929822
1722428155759,-97.68150254851683
1722428155822,-97.68150254851683
1722428155890,-97.68150254851683
1722428155962,-97.90796372885876
1722428156025,-97.90796372885876
1722428156090,-97.90796372885876
1722428156158,-97.90796372885876
1722428156227,-97.75493879031612
1722428156292,-97.75493879031612
1722428156355,-97.75493879031612
1722428156421,-97.75493879031612
1722428156514,-98.10993086279785
1722428156609,-98.10993086279785
1722428156652,-98.10993086279785
1722428156761,-97.88375501627218
1722428156828,-97.88375501627218
1722428156894,-97.88375501627218
1722428156974,-97.47283381321526
1722428157024,-97.47283381321526
1722428157094,-97.47283381321526
1722428157146,-97.47283381321526
1722428157204,-97.86482693321852
1722428157270,-97.86482693321852
1722428157339,-97.86482693321852
1722428157405,-97.86482693321852
1722428157491,-97.93492100850054
1722428157562,-97.93492100850054
1722428157624,-97.93492100850054
1722428157694,-97.81941803867838
1722428157756,-97.81941803867838
1722428157822,-97.81941803867838
1722428157888,-97.81941803867838
1722428157955,-98.26587048421482
1722428158022,-98.26587048421482
1722428158096,-98.26587048421482
1722428158154,-98.26587048421482
1722428158221,-97.96493632367414
1722428158290,-97.96493632367414
1722428158358,-97.96493632367414
1722428158426,-97.96493632367414
1722428158486,-97.65614321311851
1722428158608,-97.65614321311851
1722428158683,-98.06371157690548
1722428158723,-98.06371157690548
1722428158780,-98.06371157690548
1722428158838,-98.06371157690548
1722428158905,-98.06371157690548
1722428158961,-98.17530371489366
1722428159011,-98.17530371489366
1722428159072,-98.17530371489366
1722428159140,-98.17530371489366
1722428159206,-97.98721222205577
1722428159272,-97.98721222205577
1722428159375,-97.98721222205577
1722428159419,-97.80261170231661
1722428159484,-97.80261170231661
1722428159566,-97.80261170231661
1722428159647,-97.80261170231661
1722428159694,-98.18695969378359
1722428159764,-98.18695969378359
1722428159818,-98.18695969378359
1722428159872,-98.18695969378359
1722428159952,-97.84007152401372
1722428160017,-97.84007152401372
1722428160099,-97.84007152401372
1722428160157,-98.03943147876991
1722428160224,-98.03943147876991
1722428160285,-98.03943147876991
1722428160356,-98.03943147876991
1722428160430,-98.32337769268933
1722428160489,-98.32337769268933
1722428160553,-98.32337769268933
1722428160625,-98.32337769268933
1722428160694,-97.84199721814836
1722428160757,-97.84199721814836
1722428160813,-97.84199721814836
1722428160873,-97.84199721814836
1722428160947,-98.05063709935426
1722428161008,-98.05063709935426
1722428161087,-98.05063709935426
1722428161145,-97.44205198752783
1722428161207,-97.44205198752783
1722428161274,-97.44205198752783
1722428161342,-97.44205198752783
1722428161439,-97.58296462725343
1722428161489,-97.58296462725343
1722428161543,-97.58296462725343
1722428161604,-97.58296462725343
1722428161674,-97.95222206645752
1722428161738,-97.95222206645752
1722428161803,-97.95222206645752
1722428161871,-97.80968651369044
1722428161940,-97.80968651369044
1722428162005,-97.80968651369044
1722428162083,-97.80968651369044
1722428162136,-97.95035457494946
1722428162204,-97.95035457494946
1722428162257,-97.95035457494946
1722428162326,-97.95035457494946
1722428162420,-98.01100135482608
1722428162478,-98.01100135482608
1722428162526,-98.01100135482608
1722428162591,-98.01100135482608
1722428162654,-98.02088878216671
1722428162734,-98.02088878216671
1722428162790,-98.02088878216671
1722428162857,-97.57363043050388
1722428162920,-97.57363043050388
1722428162994,-97.57363043050388
1722428163051,-97.57363043050388
1722428163141,-97.8101431907152
1722428163203,-97.8101431907152
1722428163274,-97.8101431907152
1722428163343,-97.94869773916999
1722428163406,-97.94869773916999
1722428163469,-97.94869773916999
1722428163550,-97.94869773916999
1722428163604,-98.0500863399535
1722428163668,-98.0500863399535
1722428163738,-98.0500863399535
1722428163781,-98.0500863399535
1722428163852,-97.41026902997802
1722428163908,-97.41026902997802
1722428163982,-97.41026902997802
1722428164024,-97.41026902997802
1722428164102,-97.60078478935077
1722428164175,-97.60078478935077
1722428164235,-97.60078478935077
1722428164297,-98.0803668322511
1722428164343,-98.0803668322511
1722428164398,-98.0803668322511
1722428164471,-98.0803668322511
1722428164534,-98.0803668322511
1722428164607,-97.89805880758604
1722428164682,-97.89805880758604
1722428164746,-97.89805880758604
1722428164807,-97.76824221047768
1722428164868,-97.76824221047768
1722428164936,-97.76824221047768
1722428164988,-97.76824221047768
1722428165025,-97.76824221047768
1722428165084,-97.55993240459638
1722428165152,-97.55993240459638
1722428165217,-97.55993240459638
1722428165285,-97.55993240459638
1722428165355,-97.76042149005065
1722428165419,-97.76042149005065
1722428165483,-97.76042149005065
1722428165555,-97.98497202236743
1722428165615,-97.98497202236743
1722428165687,-97.98497202236743
1722428165798,-97.98497202236743
1722428165835,-97.81276014247882
1722428165922,-97.81276014247882
1722428166006,-97.81276014247882
1722428166059,-97.93411288018567
1722428166113,-97.93411288018567
1722428166185,-97.93411288018567
1722428166239,-97.93411288018567
1722428166323,-97.63305344912992
1722428166388,-97.63305344912992
1722428166447,-97.63305344912992
1722428166534,-98.30559510034195
1722428166602,-98.30559510034195
1722428166657,-98.30559510034195
1722428166721,-98.30559510034195
1722428166787,-97.87156296523064
1722428166850,-97.87156296523064
1722428166919,-97.87156296523064
1722428166986,-97.87156296523064
1722428167051,-97.59391405945031
1722428167118,-97.59391405945031
1722428167186,-97.59391405945031
1722428167240,-97.59391405945031
1722428167300,-97.79861614610081
1722428167366,-97.79861614610081
1722428167420,-97.79861614610081
1722428167480,-97.79861614610081
1722428167567,-97.98187030600005
1722428167629,-97.98187030600005
1722428167701,-97.98187030600005
1722428167781,-97.7060756643766
1722428167850,-97.7060756643766
1722428167898,-97.7060756643766
1722428167965,-97.7060756643766
1722428168036,-97.67905915125907
1722428168100,-97.67905915125907
1722428168163,-97.67905915125907
1722428168229,-97.67905915125907
1722428168300,-98.02225579978114
1722428168367,-98.02225579978114
1722428168432,-98.02225579978114
1722428168498,-98.02225579978114
1722428168553,-98.0568288288989
1722428168622,-98.0568288288989
1722428168683,-98.0568288288989
1722428168746,-98.0568288288989
1722428168816,-97.97632944731626
1722428168881,-97.97632944731626
1722428168950,-97.97632944731626
1722428169023,-97.81105668620283
1722428169128,-97.81105668620283
1722428169170,-97.81105668620283
1722428169215,-97.81105668620283
1722428169286,-97.55849686376746
1722428169369,-97.55849686376746
1722428169466,-97.55849686376746
1722428169517,-97.93427234778811
1722428169607,-97.93427234778811
1722428169652,-97.93427234778811
1722428169723,-97.93427234778811
1722428169779,-97.97270641175109
1722428169850,-97.97270641175109
1722428169917,-97.97270641175109
1722428169987,-97.97270641175109
1722428170056,-97.44738790643738
1722428170131,-97.44738790643738
1722428170193,-97.44738790643738
1722428170250,-97.8217641957352
1722428170312,-97.8217641957352
1722428170381,-97.8217641957352
1722428170506,-98.10657334668932
1722428170563,-98.10657334668932
1722428170617,-98.10657334668932
1722428170705,-98.10657334668932
1722428170810,-98.33643521310447
1722428170862,-98.33643521310447
1722428170903,-98.33643521310447
1722428170985,-97.53303009905876
1722428171046,-97.53303009905876
1722428171111,-97.53303009905876
1722428171178,-97.53303009905876
1722428171247,-97.5485956672921
1722428171312,-97.5485956672921
1722428171391,-97.5485956672921
1722428171476,-97.32839319327061
1722428171530,-97.32839319327061
1722428171583,-97.32839319327061
1722428171672,-97.32839319327061
1722428171757,-98.01129795323786
1722428171839,-98.01129795323786
1722428171882,-98.01129795323786
1722428171951,-97.67666682567895
1722428172015,-97.67666682567895
1722428172076,-97.67666682567895
1722428172148,-97.67666682567895
1722428172231,-98.06574474707625
1722428172305,-98.06574474707625
1722428172362,-98.06574474707625
1722428172429,-97.95053722635615
1722428172498,-97.95053722635615
1722428172562,-97.95053722635615
1722428172627,-97.95053722635615
1722428172702,-97.56790738832302
1722428172761,-97.56790738832302
1722428172819,-97.56790738832302
1722428172869,-97.56790738832302
1722428172928,-97.78475322154607
1722428172998,-97.78475322154607
1722428173059,-97.78475322154607
1722428173126,-97.78475322154607
1722428173195,-97.78078021229095
1722428173265,-97.78078021229095
1722428173331,-97.78078021229095
1722428173394,-97.78078021229095
1722428173464,-98.04234435076077
1722428173519,-98.04234435076077
1722428173574,-98.04234435076077
1722428173633,-98.04234435076077
1722428173698,-97.60133747526115
1722428173761,-97.60133747526115
1722428173825,-97.60133747526115
1722428173895,-97.60133747526115
1722428173961,-97.9119607236345
1722428174047,-97.9119607236345
1722428174159,-97.9119607236345
1722428174198,-97.69088707907024
1722428174253,-97.69088707907024
1722428174310,-97.69088707907024
1722428174380,-97.69088707907024
1722428174466,-97.71067331203504
1722428174529,-97.71067331203504
1722428174585,-97.71067331203504
1722428174652,-97.71067331203504
1722428174700,-97.52782297976094
1722428174770,-97.52782297976094
1722428174829,-97.52782297976094
1722428174881,-97.52782297976094
1722428174943,-97.89108830144058
1722428174997,-97.89108830144058
1722428175058,-97.89108830144058
1722428175127,-97.89108830144058
1722428175191,-97.84403926339044
1722428175249,-97.84403926339044
1722428175325,-97.84403926339044
1722428175381,-97.84403926339044
1722428175450,-98.2667792204044
1722428175562,-98.2667792204044
1722428175602,-98.2667792204044
1722428175668,-97.55746046281848
1722428175703,-97.55746046281848
1722428175746,-97.55746046281848
1722428175810,-97.55746046281848
1722428175896,-97.88893808791876
1722428175966,-97.88893808791876
1722428176027,-97.88893808791876
1722428176095,-97.88893808791876
1722428176165,-97.76213197525543
1722428176238,-97.76213197525543
1722428176297,-97.76213197525543
1722428176356,-97.76213197525543
1722428176429,-98.30227362190051
1722428176510,-98.30227362190051
1722428176558,-98.30227362190051
1722428176627,-98.0669367506722
1722428176691,-98.0669367506722
1722428176762,-98.0669367506722
1722428176823,-98.0669367506722
1722428176901,-97.98408268040984
1722428176959,-97.98408268040984
1722428177029,-97.98408268040984
1722428177092,-97.98408268040984
1722428177164,-98.04351596900615
1722428177235,-98.04351596900615
1722428177305,-98.04351596900615
1722428177374,-97.59982402851882
1722428177445,-97.59982402851882
1722428177506,-97.59982402851882
1722428177577,-97.59982402851882
1722428177642,-97.76091207828279
1722428177720,-97.76091207828279
1722428177775,-97.76091207828279
1722428177818,-97.76091207828279
1722428177876,-97.98236538913287
1722428177939,-97.98236538913287
1722428178015,-97.98236538913287
1722428178072,-97.98236538913287
1722428178161,-97.86808379134585
1722428178243,-97.86808379134585
1722428178420,-98.01245919284793
1722428178503,-98.01245919284793
1722428178545,-98.01245919284793
1722428178610,-98.01375196999126
1722428178674,-98.01375196999126
1722428178739,-98.01375196999126
1722428178805,-98.01375196999126
1722428178875,-97.65441713983097
1722428178942,-97.65441713983097
1722428179004,-97.65441713983097
1722428179073,-97.65441713983097
1722428179152,-97.86390764922906
1722428179246,-97.86390764922906
1722428179320,-97.86390764922906
1722428179370,-98.16687391252451
1722428179413,-98.16687391252451
1722428179472,-98.16687391252451
1722428179560,-98.16687391252451
1722428179626,-97.71090500892609
1722428179692,-97.71090500892609
1722428179756,-97.71090500892609
1722428179826,-97.83875768384534
1722428179889,-97.83875768384534
1722428179959,-97.83875768384534
1722428180034,-97.83875768384534
1722428180105,-98.14310086571524
1722428180182,-98.14310086571524
1722428180243,-98.14310086571524
1722428180323,-97.92043884043488
1722428180390,-97.92043884043488
1722428180453,-97.92043884043488
1722428180516,-97.92043884043488
1722428180588,-98.0226488817165
1722428180654,-98.0226488817165
1722428180719,-98.0226488817165
1722428180797,-98.0226488817165
1722428180933,-97.97576897287185
1722428181013,-97.97576897287185
1722428181098,-98.16718439497721
1722428181159,-98.16718439497721
1722428181224,-98.16718439497721
1722428181280,-98.16718439497721
1722428181339,-97.70029790994292
1722428181419,-97.70029790994292
1722428181469,-97.70029790994292
1722428181526,-97.70029790994292
1722428181587,-98.37067323997442
1722428181654,-98.37067323997442
1722428181744,-98.37067323997442
1722428181792,-98.28863470801178
1722428181859,-98.28863470801178
1722428181928,-98.28863470801178
1722428181988,-98.28863470801178
1722428182071,-97.49348397750933
1722428182141,-97.49348397750933
1722428182206,-97.49348397750933
1722428182278,-97.69613358471845
1722428182340,-97.69613358471845
1722428182421,-97.69613358471845
1722428182496,-97.69613358471845
1722428182555,-97.9547175764033
1722428182624,-97.9547175764033
1722428182716,-97.9547175764033
1722428182758,-98.34381504198817
1722428182810,-98.34381504198817
1722428182869,-98.34381504198817
1722428182939,-98.34381504198817
1722428183009,-97.93836618534542
1722428183080,-97.93836618534542
1722428183140,-97.93836618534542
1722428183205,-97.93836618534542
1722428183283,-97.91578623223963
1722428183351,-97.91578623223963
1722428183421,-97.91578623223963
1722428183487,-98.13602106294381
1722428183559,-98.13602106294381
1722428183621,-98.13602106294381
1722428183686,-98.13602106294381
1722428183757,-98.2317676517714
1722428183819,-98.2317676517714
1722428183872,-98.2317676517714
1722428183936,-98.2317676517714
1722428184019,-98.14957012024115
1722428184125,-98.14957012024115
1722428184171,-98.14957012024115
1722428184238,-97.83178947890372
1722428184319,-97.83178947890372
1722428184420,-97.83178947890372
1722428184474,-98.130440838825
1722428184533,-98.130440838825
1722428184605,-98.130440838825
1722428184665,-98.130440838825
1722428184754,-97.5615265975749
1722428184819,-97.5615265975749
1722428184882,-97.5615265975749
1722428184959,-97.92573461154629
1722428185035,-97.92573461154629
1722428185098,-97.92573461154629
1722428185163,-97.92573461154629
1722428185209,-98.15222947890129
1722428185267,-98.15222947890129
1722428185324,-98.15222947890129
1722428185386,-98.15222947890129
1722428185450,-97.73730977665602
1722428185524,-97.73730977665602
1722428185586,-97.73730977665602
1722428185654,-97.73730977665602
1722428185739,-97.8641460357816
1722428185807,-97.8641460357816
1722428185869,-97.8641460357816
1722428185918,-97.8641460357816
1722428185987,-97.69058221633769
1722428186060,-97.69058221633769
1722428186115,-97.69058221633769
1722428186190,-97.97213084367833
1722428186253,-97.97213084367833
1722428186309,-97.97213084367833
1722428186370,-97.97213084367833
1722428186437,-97.8771182318221
1722428186499,-97.8771182318221
1722428186574,-97.8771182318221
1722428186626,-97.8771182318221
1722428186682,-97.90751020570653
1722428186770,-97.90751020570653
1722428186825,-97.90751020570653
1722428186886,-97.90751020570653
1722428186958,-97.74920828692251
1722428187056,-97.74920828692251
1722428187111,-97.74920828692251
1722428187173,-97.7158413961368
1722428187213,-97.7158413961368
1722428187287,-97.7158413961368
1722428187350,-97.7158413961368
1722428187434,-98.12248352651909
1722428187498,-98.12248352651909
1722428187572,-98.12248352651909
1722428187619,-98.12248352651909
1722428187700,-98.49162020678207
1722428187751,-98.49162020678207
1722428187808,-98.49162020678207
1722428187886,-97.99326529580641
1722428187955,-97.99326529580641
1722428188017,-97.99326529580641
1722428188087,-97.99326529580641
1722428188154,-98.02589550721467
1722428188217,-98.02589550721467
1722428188281,-98.02589550721467
1722428188351,-98.02589550721467
1722428188414,-97.75287159455436
1722428188480,-97.75287159455436
1722428188547,-97.75287159455436
1722428188602,-97.75287159455436
1722428188680,-98.05920108755555
1722428188744,-98.05920108755555
1722428188815,-98.05920108755555
1722428188911,-98.11643209442497
1722428188970,-98.11643209442497
1722428189032,-98.11643209442497
1722428189101,-98.11643209442497
1722428189154,-97.92539212814843
1722428189219,-97.92539212814843
1722428189292,-97.92539212814843
1722428189366,-97.95863016071405
1722428189428,-97.95863016071405
1722428189475,-97.95863016071405
1722428189538,-97.95863016071405
1722428189615,-97.62637251213823
1722428189670,-97.62637251213823
1722428189730,-97.62637251213823
1722428189801,-97.62637251213823
1722428189881,-97.36370716009927
1722428189949,-97.36370716009927
1722428190005,-97.36370716009927
1722428190060,-97.36370716009927
1722428190137,-97.82758764267108
1722428190197,-97.82758764267108
1722428190266,-97.82758764267108
1722428190335,-98.06646038180885
1722428190403,-98.06646038180885
1722428190463,-98.06646038180885
1722428190531,-98.06646038180885
1722428190600,-98.47126843408466
1722428190664,-98.47126843408466
1722428190732,-98.47126843408466
1722428190797,-98.47126843408466
1722428190862,-97.53976034373488
1722428190924,-97.53976034373488
1722428190973,-97.53976034373488
1722428191051,-97.53976034373488
1722428191110,-97.7169770470841
1722428191167,-97.7169770470841
1722428191233,-97.7169770470841
1722428191289,-97.7169770470841
1722428191370,-97.95922524520478
1722428191430,-97.95922524520478
1722428191526,-97.95922524520478
1722428191584,-97.7929728123493
1722428191648,-97.7929728123493
1722428191714,-97.7929728123493
1722428191784,-97.7929728123493
1722428191848,-97.74206119165086
1722428191923,-97.74206119165086
1722428191983,-97.74206119165086
1722428192069,-98.46779886044494
1722428192127,-98.46779886044494
1722428192211,-98.46779886044494
1722428192266,-98.46779886044494
1722428192326,-97.62317340356543
1722428192394,-97.62317340356543
1722428192472,-97.62317340356543
1722428192553,-97.8665655723603
1722428192602,-97.8665655723603
1722428192677,-97.8665655723603
1722428192745,-97.8665655723603
1722428192795,-98.03591930800023
1722428192861,-98.03591930800023
1722428192927,-98.03591930800023
1722428192995,-98.03591930800023
1722428193061,-97.83994803380388
1722428193127,-97.83994803380388
1722428193196,-97.83994803380388
1722428193260,-97.83994803380388
1722428193330,-97.62768357440237
1722428193404,-97.62768357440237
1722428193460,-97.62768357440237
1722428193538,-98.24845676974918
1722428193583,-98.24845676974918
1722428193645,-98.24845676974918
1722428193722,-98.24845676974918
1722428193781,-97.72315448232222
1722428193845,-97.72315448232222
1722428193912,-97.72315448232222
1722428193983,-97.72315448232222
1722428194064,-97.85802166820736
1722428194123,-97.85802166820736
1722428194179,-97.85802166820736
1722428194240,-97.85802166820736
1722428194302,-97.41016794032706
1722428194359,-97.41016794032706
1722428194434,-97.41016794032706
1722428194497,-97.41016794032706
1722428194561,-98.20411530772923
1722428194627,-98.20411530772923
1722428194699,-98.20411530772923
1722428194773,-97.79228613416846
1722428194829,-97.79228613416846
1722428194894,-97.79228613416846
1722428194958,-97.79228613416846
1722428195043,-97.81473631027131
1722428195110,-97.81473631027131
1722428195178,-97.81473631027131
1722428195262,-98.12020867177047
1722428195326,-98.12020867177047
1722428195389,-98.12020867177047
1722428195446,-98.12020867177047
1722428195511,-98.100062323306
1722428195577,-98.100062323306
1722428195650,-98.100062323306
1722428195719,-98.100062323306
1722428195779,-97.94426867124093
1722428195843,-97.94426867124093
1722428195913,-97.94426867124093
1722428195980,-98.0587135960252
1722428196043,-98.0587135960252
1722428196108,-98.0587135960252
1722428196175,-98.0587135960252
1722428196238,-97.63746418893584
1722428196291,-97.63746418893584
1722428196348,-97.63746418893584
1722428196403,-97.63746418893584
1722428196458,-97.63746418893584
1722428196532,-97.89844227119426
1722428196595,-97.89844227119426
1722428196663,-97.89844227119426
1722428196729,-97.75709319952057
1722428196792,-97.75709319952057
1722428196861,-97.75709319952057
1722428196917,-97.75709319952057
1722428196977,-97.90340259644518
1722428197042,-97.90340259644518
1722428197094,-97.90340259644518
1722428197158,-97.90340259644518
1722428197229,-97.94236505336919
1722428197291,-97.94236505336919
1722428197359,-97.94236505336919
1722428197425,-97.94236505336919
1722428197490,-98.20050102648361
1722428197624,-98.20050102648361
1722428197660,-98.20050102648361
1722428197696,-98.20050102648361
1722428197758,-97.63512380183384
1722428197826,-97.63512380183384
1722428197891,-97.63512380183384
1722428197959,-97.63512380183384
1722428198034,-97.8267350828821
1722428198098,-97.8267350828821
1722428198186,-97.8267350828821
1722428198247,-97.40293553777224
1722428198328,-97.40293553777224
1722428198377,-97.40293553777224
1722428198424,-97.40293553777224
1722428198489,-97.55688112666734
1722428198560,-97.55688112666734
1722428198625,-97.55688112666734
1722428198691,-97.55688112666734
1722428198774,-97.55414836035969
1722428198867,-97.55414836035969
1722428198916,-97.55414836035969
1722428198976,-97.99555668014521
1722428199083,-97.99555668014521
1722428199160,-97.99555668014521
1722428199211,-98.05967800745742
1722428199257,-98.05967800745742
1722428199323,-98.05967800745742
1722428199392,-98.05967800745742
1722428199474,-97.76905271185571
1722428199550,-97.76905271185571
1722428199609,-97.76905271185571
1722428199669,-97.76905271185571
1722428199781,-97.6815410740027
1722428199817,-97.6815410740027
1722428199862,-97.6815410740027
1722428199933,-97.6815410740027
1722428200010,-98.30494513627913
1722428200073,-98.30494513627913
1722428200146,-98.30494513627913
1722428200235,-97.9182049883066
1722428200320,-97.9182049883066
1722428200372,-97.9182049883066
1722428200437,-97.97303211287904
1722428200508,-97.97303211287904
1722428200562,-97.97303211287904
1722428200624,-97.97303211287904
1722428200689,-97.82431903454076
1722428200748,-97.82431903454076
1722428200819,-97.82431903454076
1722428200875,-97.82431903454076
1722428200933,-98.10329922886328
1722428200995,-98.10329922886328
1722428201056,-98.10329922886328
1722428201127,-98.10329922886328
1722428201187,-97.79829226181435
1722428201263,-97.79829226181435
1722428201359,-97.79829226181435
1722428201405,-97.79829226181435
1722428201471,-98.11729786280948
1722428201532,-98.11729786280948
1722428201585,-98.11729786280948
1722428201671,-97.47850545115368
1722428201739,-97.47850545115368
1722428201790,-97.47850545115368
1722428201854,-97.47850545115368
1722428201926,-98.09726277417381
1722428201986,-98.09726277417381
1722428202057,-98.09726277417381
1722428202134,-98.09726277417381
1722428202231,-98.0085430345745
1722428202275,-98.0085430345745
1722428202320,-98.0085430345745
1722428202427,-97.5264454217249
1722428202475,-97.5264454217249
1722428202575,-97.5264454217249
1722428202620,-97.5264454217249
1722428202706,-97.24109060911672
1722428202746,-97.24109060911672
1722428202810,-97.24109060911672
1722428202881,-97.94780894663383
1722428202935,-97.94780894663383
1722428203000,-97.94780894663383
1722428203089,-97.94780894663383
1722428203146,-98.17813249511572
1722428203205,-98.17813249511572
1722428203272,-98.17813249511572
1722428203319,-98.17813249511572
1722428203393,-98.15280097024414
1722428203445,-98.15280097024414
1722428203509,-98.15280097024414
1722428203567,-98.15280097024414
1722428203637,-98.21863568606236
1722428203704,-98.21863568606236
1722428203771,-98.21863568606236
1722428203837,-98.21863568606236
1722428203905,-97.81278425455129
1722428203994,-97.81278425455129
1722428204042,-97.81278425455129
1722428204116,-97.9409036330303
1722428204161,-97.9409036330303
1722428204212,-97.9409036330303
1722428204273,-97.9409036330303
1722428204324,-97.9409036330303
1722428204404,-97.92427976451668
1722428204467,-97.92427976451668
1722428204538,-97.92427976451668
1722428204606,-97.65609387667905
1722428204677,-97.65609387667905
1722428204745,-97.65609387667905
1722428204807,-97.65609387667905
1722428204872,-97.66985799028069
1722428204966,-97.66985799028069
1722428205050,-97.66985799028069
1722428205104,-98.19236200391882
1722428205152,-98.19236200391882
1722428205206,-98.19236200391882
1722428205276,-98.19236200391882
1722428205354,-97.87033715582746
1722428205421,-97.87033715582746
1722428205490,-97.87033715582746
1722428205563,-97.87033715582746
1722428205637,-97.77613978631652
1722428205699,-97.77613978631652
1722428205774,-97.77613978631652
1722428205837,-98.09085651283661
1722428205900,-98.09085651283661
1722428205968,-98.09085651283661
1722428206036,-98.09085651283661
1722428206108,-98.24478772485001
1722428206170,-98.24478772485001
1722428206243,-98.24478772485001
1722428206281,-98.24478772485001
1722428206333,-98.049489989493
1722428206501,-98.049489989493
1722428206579,-98.049489989493
1722428206622,-97.7924699689762
1722428206688,-97.7924699689762
1722428206732,-97.7924699689762
1722428206808,-97.73545969723364
1722428206865,-97.73545969723364
1722428206935,-97.73545969723364
1722428207002,-97.73545969723364
1722428207068,-97.83816677124616
1722428207133,-97.83816677124616
1722428207202,-97.83816677124616
1722428207267,-97.83816677124616
1722428207339,-97.9714855055961
1722428207466,-97.9714855055961
1722428207565,-97.99060296160928
1722428207636,-97.99060296160928
1722428207713,-97.99060296160928
1722428207754,-97.99060296160928
1722428207804,-97.89136319175283
1722428207865,-97.89136319175283
1722428207932,-97.89136319175283
1722428208001,-97.89136319175283
1722428208081,-97.6456877117557
1722428208136,-97.6456877117557
1722428208202,-97.6456877117557
1722428208261,-97.6456877117557
1722428208335,-97.82994237547398
1722428208399,-97.82994237547398
1722428208465,-97.82994237547398
1722428208545,-98.4639913502118
1722428208603,-98.4639913502118
1722428208665,-98.4639913502118
1722428208731,-98.4639913502118
1722428208802,-98.09068565803166
1722428208867,-98.09068565803166
1722428208919,-98.09068565803166
1722428208983,-98.09068565803166
1722428209049,-97.78636017537252
1722428209131,-97.78636017537252
1722428209199,-97.78636017537252
1722428209269,-97.78636017537252
1722428209332,-97.69838128703269
1722428209391,-97.69838128703269
1722428209486,-97.69838128703269
1722428209583,-97.66039757646247
1722428209644,-97.66039757646247
1722428209692,-97.66039757646247
1722428209748,-97.66039757646247
1722428209817,-98.33884241907575
1722428209880,-98.33884241907575
1722428209952,-98.33884241907575
1722428210015,-98.23076999484206
1722428210088,-98.23076999484206
1722428210159,-98.23076999484206
1722428210224,-98.23076999484206
1722428210334,-98.06695703538009
1722428210377,-98.06695703538009
1722428210431,-98.06695703538009
1722428210497,-98.06695703538009
1722428210566,-97.43032023136695
1722428210631,-97.43032023136695
1722428210695,-97.43032023136695
1722428210776,-97.8213650853726
1722428210838,-97.8213650853726
1722428210900,-97.8213650853726
1722428210965,-97.8213650853726
1722428211057,-97.30191481940165
1722428211118,-97.30191481940165
1722428211181,-97.30191481940165
1722428211246,-97.30191481940165
1722428211312,-97.88369051338339
1722428211388,-97.88369051338339
1722428211444,-97.88369051338339
1722428211516,-97.30475916270277
1722428211578,-97.30475916270277
1722428211648,-97.30475916270277
1722428211712,-97.30475916270277
1722428211788,-98.00084523852632
1722428211847,-98.00084523852632
1722428211912,-98.00084523852632
1722428211983,-98.00084523852632
1722428212053,-97.86839173615283
1722428212117,-97.86839173615283
1722428212179,-97.86839173615283
1722428212259,-97.66512601305054
1722428212318,-97.66512601305054
1722428212380,-97.66512601305054
1722428212445,-97.66512601305054
1722428212519,-97.45585913732333
1722428212581,-97.45585913732333
1722428212634,-97.45585913732333
1722428212712,-97.45585913732333
1722428212789,-97.70141179381106
1722428212840,-97.70141179381106
1722428212898,-97.70141179381106
1722428212963,-97.70141179381106
1722428213033,-97.8468790536722
1722428213118,-97.8468790536722
1722428213169,-97.8468790536722
1722428213253,-97.96032065589108
1722428213316,-97.96032065589108
1722428213403,-97.96032065589108
1722428213481,-97.96032065589108
1722428213539,-97.50474962180411
1722428213602,-97.50474962180411
1722428213671,-97.50474962180411
1722428213731,-98.00749270333135
1722428213779,-98.00749270333135
1722428213829,-98.00749270333135
1722428213897,-98.00749270333135
1722428213962,-98.20340744564886
1722428214028,-98.20340744564886
1722428214093,-98.20340744564886
1722428214159,-98.20340744564886
1722428214229,-97.73804800458898
1722428214284,-97.73804800458898
1722428214367,-97.73804800458898
1722428214425,-97.73804800458898
1722428214516,-97.8712288314408
1722428214558,-97.8712288314408
1722428214629,-97.8712288314408
1722428214705,-97.57323922855413
1722428214770,-97.57323922855413
1722428214832,-97.57323922855413
1722428214895,-97.57323922855413
1722428214959,-97.66837382694192
1722428215026,-97.66837382694192
1722428215103,-97.66837382694192
1722428215161,-97.66837382694192
1722428215252,-98.06031942449789
1722428215296,-98.06031942449789
1722428215360,-98.06031942449789
1722428215435,-97.73265076405943
1722428215496,-97.73265076405943
1722428215562,-97.73265076405943
1722428215628,-97.73265076405943
1722428215691,-97.78762594334506
1722428215762,-97.78762594334506
1722428215831,-97.78762594334506
1722428215894,-97.78762594334506
1722428215956,-97.7435178616728
1722428216027,-97.7435178616728
1722428216094,-97.7435178616728
1722428216161,-97.7435178616728
1722428216224,-97.63951067927508
1722428216298,-97.63951067927508
1722428216365,-97.63951067927508
1722428216428,-98.10834773786502
1722428216494,-98.10834773786502
1722428216559,-98.10834773786502
1722428216624,-98.10834773786502
1722428216692,-98.18749000596458
1722428216761,-98.18749000596458
1722428216829,-98.18749000596458
1722428216893,-98.18749000596458
1722428216966,-97.58721364489473
1722428217029,-97.58721364489473
1722428217091,-97.58721364489473
1722428217160,-97.58721364489473
1722428217219,-97.69097368805274
1722428217291,-97.69097368805274
1722428217365,-97.69097368805274
1722428217411,-97.69097368805274
1722428217475,-97.7979279851194
1722428217530,-97.7979279851194
1722428217595,-97.7979279851194
1722428217658,-97.7979279851194
1722428217710,-97.64111782941681
1722428217781,-97.64111782941681
1722428217834,-97.64111782941681
1722428217909,-97.64111782941681
1722428217975,-98.18729188879624
1722428218046,-98.18729188879624
1722428218096,-98.18729188879624
1722428218140,-98.18729188879624
1722428218219,-98.32828122434648
1722428218275,-98.32828122434648
1722428218341,-98.32828122434648
1722428218408,-98.32828122434648
1722428218465,-97.81771567316012
1722428218527,-97.81771567316012
1722428218591,-97.81771567316012
1722428218658,-97.81771567316012
1722428218723,-97.86666573780954
1722428218783,-97.86666573780954
1722428218843,-97.86666573780954
1722428218906,-97.86666573780954
1722428218967,-98.41360717499454
1722428219011,-98.41360717499454
1722428219077,-98.41360717499454
1722428219141,-98.41360717499454
1722428219213,-97.93168440895946
1722428219283,-97.93168440895946
1722428219340,-97.93168440895946
1722428219411,-97.93168440895946
1722428219480,-97.77306852341376
1722428219542,-97.77306852341376
1722428219612,-97.77306852341376
1722428219675,-97.7487682179479
1722428219746,-97.7487682179479
1722428219812,-97.7487682179479
1722428219875,-97.7487682179479
1722428219939,-97.85570633249138
1722428220011,-97.85570633249138
1722428220061,-97.85570633249138
1722428220124,-97.85570633249138
1722428220187,-97.68686274107696
1722428220255,-97.68686274107696
1722428220321,-97.68686274107696
1722428220392,-97.68686274107696
1722428220458,-97.75110702285632
1722428220535,-97.75110702285632
1722428220579,-97.75110702285632
1722428220641,-97.75110702285632
1722428220706,-97.93012446985776
1722428220772,-97.93012446985776
1722428220838,-97.93012446985776
1722428220915,-97.93012446985776
1722428221009,-97.75898372319448
1722428221312,-97.8855251150124
1722428221379,-97.8855251150124
1722428221443,-98.40632348825379
1722428221491,-98.40632348825379
1722428221553,-98.40632348825379
1722428221643,-97.38449257379636
1722428221705,-97.38449257379636
1722428221779,-97.38449257379636
1722428221835,-97.38449257379636
1722428221898,-97.83220056426018
1722428221963,-97.83220056426018
1722428222022,-97.83220056426018
1722428222087,-97.83220056426018
1722428222172,-97.77101619406524
1722428222238,-97.77101619406524
1722428222304,-97.77101619406524
1722428222383,-97.99654069068977
1722428222436,-97.99654069068977
1722428222504,-97.99654069068977
1722428222570,-97.99654069068977
1722428222637,-97.57247098265815
1722428222714,-97.57247098265815
1722428222779,-97.57247098265815
1722428222836,-97.57247098265815
1722428222902,-98.10607702075443
1722428222968,-98.10607702075443
1722428223047,-98.10607702075443
1722428223094,-98.10607702075443
1722428223155,-97.87703622649357
1722428223237,-97.87703622649357
1722428223426,-98.11694425635892
1722428223475,-98.11694425635892
1722428223514,-98.11694425635892
1722428223598,-98.11694425635892
1722428223785,-97.85246145131276
1722428223929,-98.02048707302838
1722428223984,-98.02048707302838
1722428224029,-98.02048707302838
1722428224072,-98.04236412787435
1722428224142,-98.04236412787435
1722428224209,-98.04236412787435
1722428224313,-98.04236412787435
1722428224356,-97.5627772273254
1722428224455,-97.5627772273254
1722428224509,-97.5627772273254
1722428224542,-97.5627772273254
1722428224631,-97.92208578413786
1722428224706,-97.92208578413786
1722428224772,-97.92208578413786
1722428224842,-97.58804998694939
1722428224900,-97.58804998694939
1722428224969,-97.58804998694939
1722428225041,-97.58804998694939
1722428225094,-97.70946689841514
1722428225155,-97.70946689841514
1722428225216,-97.70946689841514
1722428225288,-97.70946689841514
1722428225356,-97.9325935945903
1722428225408,-97.9325935945903
1722428225471,-97.9325935945903
1722428225535,-97.9325935945903
1722428225600,-97.96951320494686
1722428225675,-97.96951320494686
1722428225737,-97.96951320494686
1722428225804,-97.49448194902928
1722428225868,-97.49448194902928
1722428225932,-97.49448194902928
1722428226006,-97.49448194902928
1722428226098,-98.4000999995913
1722428226155,-98.4000999995913
1722428226242,-98.4000999995913
1722428226282,-98.4000999995913
1722428226357,-98.10857227626155
1722428226472,-98.10857227626155
1722428226520,-98.10857227626155
1722428226570,-98.0092955303116
1722428226634,-98.0092955303116
1722428226705,-98.0092955303116
1722428226806,-97.56995470272733
1722428226855,-97.56995470272733
1722428226915,-97.56995470272733
1722428226996,-97.56995470272733
1722428227054,-98.08557477732114
1722428227117,-98.08557477732114
1722428227185,-98.08557477732114
1722428227251,-98.08557477732114
1722428227321,-98.22560208446559
1722428227386,-98.22560208446559
1722428227452,-98.22560208446559
1722428227521,-98.09854169133357
1722428227586,-98.09854169133357
1722428227660,-98.09854169133357
1722428227698,-98.09854169133357
1722428227787,-97.78166305952404
1722428227856,-97.78166305952404
1722428227922,-97.78166305952404
1722428227983,-97.78166305952404
1722428228050,-98.0288115994094
1722428228115,-98.0288115994094
1722428228182,-98.0288115994094
1722428228249,-98.0288115994094
1722428228335,-97.5104020468636
1722428228376,-97.5104020468636
1722428228444,-97.5104020468636
1722428228504,-97.5104020468636
1722428228569,-98.05484067287252
1722428228636,-98.05484067287252
1722428228700,-98.05484067287252
1722428228767,-97.9971350577887
1722428228819,-97.9971350577887
1722428228881,-97.9971350577887
1722428228950,-97.9971350577887
1722428229018,-97.74439967815864
1722428229082,-97.74439967815864
1722428229164,-97.74439967815864
1722428229206,-97.74439967815864
1722428229282,-98.11516788906728
1722428229346,-98.11516788906728
1722428229412,-98.11516788906728
1722428229480,-98.11516788906728
1722428229537,-97.84736713628999
1722428229597,-97.84736713628999
1722428229673,-97.84736713628999
1722428229732,-97.84736713628999
1722428229793,-97.78676204655399
1722428229869,-97.78676204655399
1722428229932,-97.78676204655399
1722428230003,-97.73145827776388
1722428230069,-97.73145827776388
1722428230134,-97.73145827776388
1722428230201,-97.73145827776388
1722428230297,-97.67124945724399
1722428230387,-97.67124945724399
1722428230419,-97.67124945724399
1722428230474,-98.51159442454636
1722428230539,-98.51159442454636
1722428230595,-98.51159442454636
1722428230665,-98.51159442454636
1722428230746,-97.6804805783536
1722428230810,-97.6804805783536
1722428230893,-97.6804805783536
1722428230946,-97.6804805783536
1722428231003,-98.15508451135062
1722428231081,-98.15508451135062
1722428231134,-98.15508451135062
1722428231196,-98.15508451135062
1722428231249,-97.69784669767289
1722428231311,-97.69784669767289
1722428231378,-97.69784669767289
1722428231448,-97.69784669767289
1722428231610,-97.92794898758001
1722428231736,-98.05447845333747
1722428231771,-98.05447845333747
1722428231818,-98.05447845333747
1722428231880,-98.05447845333747
1722428231957,-97.44083832923722
1722428232005,-97.44083832923722
1722428232065,-97.44083832923722
1722428232131,-97.44083832923722
1722428232218,-97.73766228298615
1722428232286,-97.73766228298615
1722428232347,-97.73766228298615
1722428232409,-97.73766228298615
1722428232469,-97.66697779853287
1722428232521,-97.66697779853287
1722428232600,-97.66697779853287
1722428232676,-98.137535603112
1722428232746,-98.137535603112
1722428232795,-98.137535603112
1722428232862,-98.137535603112
1722428232926,-97.68257106497131
1722428232994,-97.68257106497131
1722428233042,-97.68257106497131
1722428233107,-97.68257106497131
1722428233170,-98.14656125300652
1722428233234,-98.14656125300652
1722428233302,-98.14656125300652
1722428233373,-98.14656125300652
1722428233432,-98.03779233726054
1722428233487,-98.03779233726054
1722428233546,-98.03779233726054
1722428233614,-98.03779233726054
1722428233695,-97.87826897655353
1722428233770,-97.87826897655353
1722428233830,-97.87826897655353
1722428233903,-97.6134799422843
1722428233959,-97.6134799422843
1722428234029,-97.6134799422843
1722428234100,-97.6134799422843
1722428234183,-97.6897049211896
1722428234245,-97.6897049211896
1722428234311,-97.6897049211896
1722428234380,-97.6897049211896
1722428234451,-98.21403873803595
1722428234512,-98.21403873803595
1722428234577,-98.21403873803595
1722428234649,-97.81808005527738
1722428234717,-97.81808005527738
1722428234779,-97.81808005527738
1722428234851,-97.81808005527738
1722428234912,-98.05370426001119
1722428234982,-98.05370426001119
1722428235048,-98.05370426001119
1722428235112,-98.05370426001119
1722428235174,-97.9173287997714
1722428235259,-97.9173287997714
1722428235314,-97.9173287997714
1722428235376,-97.9173287997714
1722428235445,-97.70267329535372
1722428235508,-97.70267329535372
1722428235579,-97.70267329535372
1722428235647,-97.7656660834808
1722428235742,-97.7656660834808
1722428235831,-97.7656660834808
1722428235892,-98.07532121772303
1722428235934,-98.07532121772303
1722428236012,-98.07532121772303
1722428236046,-98.07532121772303
1722428236112,-97.9505323640245
1722428236180,-97.9505323640245
1722428236246,-97.9505323640245
1722428236308,-97.9505323640245
1722428236370,-98.40285105952199
1722428236431,-98.40285105952199
1722428236500,-98.40285105952199
1722428236549,-98.40285105952199
1722428236625,-98.31820269194475
1722428236692,-98.31820269194475
1722428236762,-98.31820269194475
1722428236818,-98.31820269194475
1722428236897,-97.6149106783457
1722428236961,-97.6149106783457
1722428237019,-97.6149106783457
1722428237098,-97.84001594063909
1722428237156,-97.84001594063909
1722428237224,-97.84001594063909
1722428237321,-97.84001594063909
1722428237385,-97.52584879938277
1722428237453,-97.52584879938277
1722428237492,-97.52584879938277
1722428237567,-98.05225032249523
1722428237636,-98.05225032249523
1722428237694,-98.05225032249523
1722428237759,-98.05225032249523
1722428237827,-97.7965063534571
1722428237898,-97.7965063534571
1722428237956,-97.7965063534571
1722428238026,-97.7965063534571
1722428238089,-97.68456411680715
1722428238156,-97.68456411680715
1722428238227,-97.68456411680715
1722428238288,-97.68456411680715
1722428238439,-98.09201924518445
1722428238486,-98.09201924518445
1722428238533,-98.09201924518445
1722428238587,-97.76277251968429
1722428238660,-97.76277251968429
1722428238724,-97.76277251968429
1722428238794,-97.76277251968429
1722428238857,-97.71218925897276
1722428238930,-97.71218925897276
1722428238990,-97.71218925897276
1722428239057,-97.7720872565206
1722428239120,-97.7720872565206
1722428239193,-97.7720872565206
1722428239258,-97.7720872565206
1722428239329,-98.17589179106685
1722428239392,-98.17589179106685
1722428239454,-98.17589179106685
1722428239521,-98.17589179106685
1722428239591,-98.12457716482291
1722428239660,-98.12457716482291
1722428239722,-98.12457716482291
1722428239797,-97.71041554154642
1722428239864,-97.71041554154642
1722428239924,-97.71041554154642
1722428240038,-97.71041554154642
1722428240109,-97.8584296444146
1722428240154,-97.8584296444146
1722428240207,-97.8584296444146
1722428240299,-98.22460817808437
1722428240338,-98.22460817808437
1722428240413,-98.22460817808437
1722428240473,-98.22460817808437
1722428240535,-97.52167850291363
1722428240590,-97.52167850291363
1722428240663,-97.52167850291363
1722428240722,-97.52167850291363
1722428240791,-97.69213016261043
1722428240864,-97.69213016261043
1722428240919,-97.69213016261043
1722428240987,-97.69213016261043
1722428241044,-97.94949720726115
1722428241104,-97.94949720726115
1722428241171,-97.94949720726115
1722428241246,-97.94949720726115
1722428241304,-97.54382206785785
1722428241370,-97.54382206785785
1722428241441,-97.54382206785785
1722428241499,-97.54382206785785
1722428241541,-98.22205388712473
1722428241607,-98.22205388712473
1722428241669,-98.22205388712473
1722428241738,-98.22205388712473
1722428241804,-97.87690464266761
1722428241877,-97.87690464266761
1722428241938,-97.87690464266761
1722428242024,-97.90989407885037
1722428242068,-97.90989407885037
1722428242123,-97.90989407885037
1722428242190,-97.90989407885037
1722428242248,-98.26200037060353
1722428242310,-98.26200037060353
1722428242364,-98.26200037060353
1722428242420,-98.26200037060353
1722428242491,-98.38908839372259
1722428242555,-98.38908839372259
1722428242637,-98.38908839372259
1722428242693,-98.38908839372259
1722428242753,-97.95708182693032
1722428242821,-97.95708182693032
1722428242890,-97.95708182693032
1722428242943,-97.95708182693032
1722428243005,-97.985916518063
1722428243068,-97.985916518063
1722428243138,-97.985916518063
1722428243193,-97.985916518063
1722428243251,-98.26695513416512
1722428243318,-98.26695513416512
1722428243390,-98.26695513416512
1722428243453,-98.26695513416512
1722428243520,-98.23125189351659
1722428243586,-98.23125189351659
1722428243666,-98.23125189351659
1722428243709,-98.23125189351659
1722428243764,-97.8032159148927
1722428243844,-97.8032159148927
1722428243894,-97.8032159148927
1722428243953,-97.8032159148927
1722428244020,-97.72673946933041
1722428244084,-97.72673946933041
1722428244153,-97.72673946933041
1722428244219,-97.72673946933041
1722428244287,-97.79044605865201
1722428244351,-97.79044605865201
1722428244408,-97.79044605865201
1722428244470,-97.79044605865201
1722428244539,-97.83309030029896
1722428244602,-97.83309030029896
1722428244658,-97.83309030029896
1722428244725,-97.86163218351771
1722428244788,-97.86163218351771
1722428244854,-97.86163218351771
1722428244923,-97.86163218351771
1722428244984,-97.46904088361985
1722428245054,-97.46904088361985
1722428245122,-97.46904088361985
1722428245186,-97.46904088361985
1722428245251,-97.73864470543299
1722428245322,-97.73864470543299
1722428245387,-97.73864470543299
1722428245452,-97.73864470543299
1722428245538,-98.15996301330267
1722428245602,-98.15996301330267
1722428245669,-98.15996301330267
1722428245762,-97.97403188239764
1722428245815,-97.97403188239764
1722428245886,-97.97403188239764
1722428246031,-97.98094138589659
1722428246146,-97.98094138589659
1722428246209,-97.73368283472573
1722428246257,-97.73368283472573
1722428246313,-97.73368283472573
1722428246369,-97.73368283472573
1722428246438,-97.79841614244573
1722428246501,-97.79841614244573
1722428246568,-97.79841614244573
1722428246623,-97.79841614244573
1722428246686,-97.9129067473567
1722428246735,-97.9129067473567
1722428246794,-97.9129067473567
1722428246848,-97.9129067473567
1722428246906,-97.9129067473567
1722428246968,-97.59273390814742
1722428247035,-97.59273390814742
1722428247099,-97.59273390814742
1722428247169,-97.59273390814742
1722428247234,-98.1646636467595
1722428247303,-98.1646636467595
1722428247371,-98.1646636467595
1722428247452,-97.74231914628473
1722428247520,-97.74231914628473
1722428247581,-97.74231914628473
1722428247659,-97.74231914628473
1722428247726,-97.92925533689493
1722428247784,-97.92925533689493
1722428247852,-97.92925533689493
1722428247929,-97.76826252531825
1722428247984,-97.76826252531825
1722428248036,-97.76826252531825
1722428248099,-97.76826252531825
1722428248162,-98.35297716858813
1722428248217,-98.35297716858813
1722428248265,-98.35297716858813
1722428248332,-98.35297716858813
1722428248401,-97.92044849424553
1722428248467,-97.92044849424553
1722428248534,-97.92044849424553
1722428248610,-97.92044849424553
1722428248666,-98.37227579303841
1722428248732,-98.37227579303841
1722428248798,-98.37227579303841
1722428248855,-98.37227579303841
1722428248917,-98.12391014650538
1722428248983,-98.12391014650538
1722428249065,-98.12391014650538
1722428249115,-98.12391014650538
1722428249183,-97.71394701967601
1722428249252,-97.71394701967601
1722428249321,-97.71394701967601
1722428249382,-97.71394701967601
1722428249465,-97.5827162473059
1722428249531,-97.5827162473059
1722428249608,-97.5827162473059
1722428249701,-97.85838744946263
1722428249789,-97.85838744946263
1722428249878,-97.85838744946263
1722428249947,-98.13918879129895
1722428249988,-98.13918879129895
1722428250039,-98.13918879129895
1722428250109,-98.13918879129895
1722428250171,-97.90375798536972
1722428250235,-97.90375798536972
1722428250316,-97.90375798536972
1722428250387,-97.69835875739753
1722428250463,-97.69835875739753
1722428250514,-97.69835875739753
1722428250580,-97.69835875739753
1722428250648,-97.78336433062562
1722428250714,-97.78336433062562
1722428250781,-97.78336433062562
1722428250846,-97.78336433062562
1722428250915,-97.76235742236999
1722428250980,-97.76235742236999
1722428251044,-97.76235742236999
1722428251115,-98.15323491768507
1722428251178,-98.15323491768507
1722428251246,-98.15323491768507
1722428251316,-98.15323491768507
1722428251379,-97.68487809619242
1722428251432,-97.68487809619242
1722428251491,-97.68487809619242
1722428251549,-97.68487809619242
1722428251619,-97.60805165161895
1722428251687,-97.60805165161895
1722428251754,-97.60805165161895
1722428251814,-97.60805165161895
1722428251896,-97.71824092621617
1722428251992,-97.71824092621617
1722428252034,-97.71824092621617
1722428252097,-97.71824092621617
1722428252162,-96.30614746928858
1722428252234,-96.30614746928858
1722428252298,-96.30614746928858
1722428252367,-98.12964447612421
1722428252430,-98.12964447612421
1722428252499,-98.12964447612421
1722428252564,-98.12964447612421
1722428252644,-97.72480194655722
1722428252711,-97.72480194655722
1722428252776,-97.72480194655722
1722428252862,-98.03957709541052
1722428252934,-98.03957709541052
1722428253008,-98.03957709541052
1722428253065,-98.03957709541052
1722428253172,-97.81747040794757
1722428253213,-97.81747040794757
1722428253311,-97.81747040794757
1722428253407,-92.06595977294248
1722428253455,-92.06595977294248
1722428253503,-92.06595977294248
1722428253581,-97.46948489955615
1722428253645,-97.46948489955615
1722428253710,-97.46948489955615
1722428253778,-97.46948489955615
1722428253857,-97.70694935774452
1722428253912,-97.70694935774452
1722428253983,-97.70694935774452
1722428254046,-97.70694935774452
1722428254110,-97.07859311588061
1722428254181,-97.07859311588061
1722428254247,-97.07859311588061
1722428254313,-98.11315735598964
1722428254435,-98.11315735598964
1722428254566,-96.20864225085202
1722428254662,-96.20864225085202
1722428254714,-96.20864225085202
1722428254754,-96.20864225085202
1722428254820,-94.82945037870121
1722428254877,-94.82945037870121
1722428254977,-94.82945037870121
1722428255061,-97.76624919464126
1722428255143,-97.76624919464126
1722428255235,-97.76624919464126
1722428255288,-97.72362768193966
1722428255346,-97.72362768193966
1722428255412,-97.72362768193966
1722428255480,-97.72362768193966
1722428255590,-94.85598742120429
1722428255633,-94.85598742120429
1722428255695,-94.85598742120429
1722428255777,-97.92851010762683
1722428255841,-97.92851010762683
1722428255909,-97.92851010762683
1722428255990,-96.95583731249076
1722428256059,-96.95583731249076
1722428256126,-96.95583731249076
1722428256207,-96.95583731249076
1722428256261,-97.73130593190531
1722428256329,-97.73130593190531
1722428256396,-97.73130593190531
1722428256461,-97.73130593190531
1722428256566,-98.02166833560901
1722428256610,-98.02166833560901
1722428256676,-98.02166833560901
1722428256740,-97.99317493780329
1722428256850,-97.99317493780329
1722428256922,-97.99317493780329
1722428256987,-98.2673418853007
1722428257044,-98.2673418853007
1722428257083,-98.2673418853007
1722428257146,-98.2673418853007
1722428257234,-95.50899523664165
1722428257266,-95.50899523664165
1722428257323,-95.50899523664165
1722428257392,-95.50899523664165
1722428257459,-98.05134191012769
1722428257513,-98.05134191012769
1722428257576,-98.05134191012769
1722428257651,-98.05134191012769
1722428257722,-97.68474263427557
1722428257772,-97.68474263427557
1722428257843,-97.68474263427557
1722428257916,-97.68474263427557
1722428257979,-98.25699912140045
1722428258053,-98.25699912140045
1722428258121,-98.25699912140045
1722428258177,-98.25699912140045
1722428258239,-98.29616340249797
1722428258316,-98.29616340249797
1722428258375,-98.29616340249797
1722428258447,-97.68361721022416
1722428258510,-97.68361721022416
1722428258571,-97.68361721022416
1722428258651,-97.68361721022416
1722428258696,-98.1353260329471
1722428258757,-98.1353260329471
1722428258824,-98.1353260329471
1722428258902,-98.1353260329471
1722428258963,-95.63429476790961
1722428259043,-95.63429476790961
1722428259101,-95.63429476790961
1722428259173,-95.63429476790961
1722428259240,-97.86745036558023
1722428259295,-97.86745036558023
1722428259365,-97.86745036558023
1722428259424,-97.86745036558023
1722428259497,-97.99506846348791
1722428259561,-97.99506846348791
1722428259626,-97.99506846348791
1722428259695,-97.94607436341968
1722428259752,-97.94607436341968
1722428259835,-97.94607436341968
1722428259889,-97.94607436341968
1722428259978,-97.84656305613399
1722428260046,-97.84656305613399
1722428260113,-97.84656305613399
1722428260168,-97.84656305613399
1722428260246,-98.49561904383562
1722428260306,-98.49561904383562
1722428260361,-98.49561904383562
1722428260440,-97.93910329074414
1722428260498,-97.93910329074414
1722428260559,-97.93910329074414
1722428260639,-97.93910329074414
1722428260737,-98.35736063356534
1722428260792,-98.35736063356534
1722428260854,-98.35736063356534
1722428260926,-97.86042703821568
1722428260989,-97.86042703821568
1722428261053,-97.86042703821568
1722428261129,-97.86042703821568
1722428261207,-97.84756622142032
1722428261272,-97.84756622142032
1722428261338,-97.84756622142032
1722428261409,-97.84756622142032
1722428261494,-97.99464951429141
1722428261555,-97.99464951429141
1722428261617,-97.99464951429141
1722428261687,-97.88412795430662
1722428261785,-97.88412795430662
1722428261846,-97.88412795430662
1722428261886,-97.88412795430662
1722428261956,-97.75089694237907
1722428262019,-97.75089694237907
1722428262098,-97.75089694237907
1722428262156,-97.75089694237907
1722428262220,-43.443881113834294
1722428262293,-43.443881113834294
1722428262354,-43.443881113834294
1722428262421,-34.690405827212125
1722428262500,-34.690405827212125
1722428262568,-34.690405827212125
1722428262619,-34.690405827212125
1722428262695,-34.690405827212125
1722428262746,-34.726036722641375
1722428262814,-34.726036722641375
1722428262864,-34.726036722641375
1722428262928,-34.803330195329885
1722428263005,-34.803330195329885
1722428263048,-34.803330195329885
1722428263102,-34.803330195329885
1722428263174,-34.77635409154371
1722428263248,-34.77635409154371
1722428263302,-34.77635409154371
1722428263402,-34.77516621538808
1722428263472,-34.77516621538808
1722428263546,-34.75128738257042
1722428263590,-34.75128738257042
1722428263670,-34.75128738257042
1722428263737,-34.75128738257042
1722428263813,-34.75929810328631
1722428263859,-34.75929810328631
1722428263915,-34.75929810328631
1722428263992,-34.813780699345955
1722428264087,-34.813780699345955
1722428264136,-34.813780699345955
1722428264204,-34.813780699345955
1722428264268,-34.808557211630585
1722428264338,-34.808557211630585
1722428264405,-34.808557211630585
1722428264488,-34.748427935359516
1722428264542,-34.748427935359516
1722428264601,-34.748427935359516
1722428264685,-34.76007220288068
1722428264743,-34.76007220288068
1722428264796,-34.76007220288068
1722428264859,-34.76007220288068
1722428264926,-34.72889906425003
1722428264992,-34.72889906425003
1722428265054,-34.72889906425003
1722428265119,-34.73313186494746
1722428265184,-34.73313186494746
1722428265254,-34.73313186494746
1722428265320,-34.74948093584879
1722428265387,-34.74948093584879
1722428265461,-34.74948093584879
1722428265519,-34.74948093584879
1722428265584,-34.79617463393989
1722428265655,-34.79617463393989
1722428265715,-34.79617463393989
1722428265785,-34.80698673062412
1722428265849,-34.80698673062412
1722428265922,-34.80698673062412
1722428265992,-34.71303914505869
1722428266041,-34.71303914505869
1722428266135,-34.71303914505869
1722428266192,-34.74485095783873
1722428266285,-34.74485095783873
1722428266341,-34.727652694147174
1722428266374,-34.727652694147174
1722428266433,-34.727652694147174
1722428266526,-34.727652694147174
1722428266664,-34.760876365532496
1722428266703,-34.760876365532496
1722428266759,-34.7975936856928
1722428266820,-34.7975936856928
1722428266875,-34.7975936856928
1722428266973,-34.7911316573773
1722428267038,-34.7911316573773
1722428267106,-34.7911316573773
1722428267167,-34.7911316573773
1722428267257,-34.84650234870499
1722428267316,-34.84650234870499
1722428267370,-34.84650234870499
1722428267411,-34.74249877783031
1722428267483,-34.74249877783031
1722428267561,-34.74249877783031
1722428267650,-34.718203626489334
1722428267734,-34.718203626489334
1722428267781,-34.718203626489334
1722428267849,-34.78445758453276
1722428267919,-34.78445758453276
1722428267988,-34.78445758453276
1722428268051,-34.79947030177414
1722428268115,-34.79947030177414
1722428268183,-34.79947030177414
1722428268246,-34.723479105240905
1722428268321,-34.723479105240905
1722428268383,-34.723479105240905
1722428268454,-34.7886287506398
1722428268516,-34.7886287506398
1722428268595,-34.7886287506398
1722428268664,-34.81267381766993
1722428268704,-34.81267381766993
1722428268768,-34.81267381766993
1722428268839,-34.72177256938254
1722428268918,-34.72177256938254
1722428268968,-34.72177256938254
1722428269045,-34.70388744969161
1722428269078,-34.70388744969161
1722428269157,-34.70388744969161
1722428269210,-34.70388744969161
1722428269304,-34.71100628124139
1722428269356,-34.71100628124139
1722428269404,-34.71100628124139
1722428269463,-34.71100628124139
1722428269545,-34.74187111094078
1722428269632,-34.74187111094078
1722428269736,-34.74187111094078
1722428269794,-34.7132054786117
1722428269855,-34.7132054786117
1722428269933,-34.7132054786117
1722428269978,-34.681713818120265
1722428270028,-34.681713818120265
1722428270087,-34.681713818120265
1722428270156,-34.70617861326307
1722428270234,-34.70617861326307
1722428270295,-34.70617861326307
1722428270391,-34.778461831504366
1722428270447,-34.778461831504366
1722428270519,-34.778461831504366
1722428270615,-34.82357763645144
1722428270695,-34.82357763645144
1722428270772,-34.82357763645144
1722428270837,-34.72413798621688
1722428270901,-34.72413798621688
1722428270975,-34.7122777100619
1722428271030,-34.7122777100619
1722428271112,-34.7122777100619
1722428271188,-34.76829631230348
1722428271240,-34.76829631230348
1722428271312,-34.76829631230348
1722428271364,-34.76829631230348
1722428271422,-34.81039555014163
1722428271484,-34.81039555014163
1722428271545,-34.81039555014163
1722428271629,-34.77954592674853
1722428271707,-34.77954592674853
1722428271766,-34.77954592674853
1722428271822,-34.772422619967266
1722428271883,-34.772422619967266
1722428271950,-34.772422619967266
1722428272015,-34.8110727729492
1722428272079,-34.8110727729492
1722428272156,-34.8110727729492
1722428272217,-34.80573092897896
1722428272278,-34.80573092897896
1722428272378,-34.80573092897896
1722428272425,-34.8162595430221
1722428272496,-34.8162595430221
1722428272546,-34.8162595430221
1722428272618,-34.8162595430221
1722428272688,-34.768379669059414
1722428272761,-34.768379669059414
1722428272825,-34.768379669059414
1722428272900,-34.76918872803311
1722428272965,-34.76918872803311
1722428273034,-34.76918872803311
1722428273096,-34.78837136807594
1722428273148,-34.78837136807594
1722428273220,-34.78837136807594
1722428273291,-34.767990182604464
1722428273346,-34.767990182604464
1722428273400,-34.767990182604464
1722428273470,-34.767990182604464
1722428273531,-34.74553620109302
1722428273595,-34.74553620109302
1722428273664,-34.74553620109302
1722428273727,-34.74553620109302
1722428273798,-34.74553620109302
1722428273852,-34.72742105112169
1722428273910,-34.72742105112169
1722428273968,-34.72742105112169
1722428274034,-34.78583654653967
1722428274099,-34.78583654653967
1722428274176,-34.78583654653967
1722428274234,-34.816082404246764
1722428274295,-34.816082404246764
1722428274368,-34.816082404246764
1722428274474,-34.74950240896621
1722428274530,-34.74950240896621
1722428274591,-34.74950240896621
1722428274686,-34.717780077529255
1722428274784,-34.717780077529255
1722428274844,-34.7255625548121
1722428274901,-34.7255625548121
1722428274975,-34.7255625548121
1722428275027,-34.75372135659588
1722428275100,-34.75372135659588
1722428275166,-34.75372135659588
1722428275214,-34.7422453029671
1722428275274,-34.7422453029671
1722428275347,-34.7422453029671
1722428275415,-34.749976399807686
1722428275466,-34.749976399807686
1722428275535,-34.749976399807686
1722428275601,-34.749976399807686
1722428275659,-34.8177665202011
1722428275732,-34.8177665202011
1722428275806,-34.8177665202011
1722428275862,-34.816748818559844
1722428275929,-34.816748818559844
1722428275979,-34.816748818559844
1722428276048,-34.739983914307906
1722428276104,-34.739983914307906
1722428276152,-34.739983914307906
1722428276247,-34.71739206875024
1722428276311,-34.71739206875024
1722428276349,-34.71739206875024
1722428276409,-34.71739206875024
1722428276496,-34.727698761882934
1722428276569,-34.727698761882934
1722428276640,-34.727698761882934
1722428276708,-34.720468717330945
1722428276792,-34.720468717330945
1722428276847,-34.720468717330945
1722428276909,-34.80634193898116
1722428276990,-34.80634193898116
1722428277041,-34.80634193898116
1722428277123,-34.748659905636245
1722428277198,-34.748659905636245
1722428277258,-34.748659905636245
1722428277342,-34.721474696836
1722428277433,-34.721474696836
1722428277486,-34.721474696836
1722428277543,-34.743509727861706
1722428277614,-34.743509727861706
1722428277680,-34.743509727861706
1722428277759,-34.71265756596672
1722428277826,-34.71265756596672
1722428277876,-34.71265756596672
1722428277942,-34.71419503961415
1722428278010,-34.71419503961415
1722428278080,-34.71419503961415
1722428278143,-34.721179349266095
1722428278208,-34.721179349266095
1722428278280,-34.721179349266095
1722428278412,-34.709176241802304
1722428278461,-34.709176241802304
1722428278505,-34.709176241802304
1722428278559,-34.709571500205804
1722428278639,-34.709571500205804
1722428278690,-34.709571500205804
1722428278760,-34.752880488512076
1722428278825,-34.752880488512076
1722428278900,-34.752880488512076
1722428278985,-34.73457643039892
1722428279029,-34.73457643039892
1722428279081,-34.73457643039892
1722428279138,-34.73457643039892
1722428279207,-34.719727819076674
1722428279278,-34.719727819076674
1722428279344,-34.719727819076674
1722428279407,-34.728391934124005
1722428279470,-34.728391934124005
1722428279557,-34.728391934124005
1722428279630,-34.71843850651092
1722428279696,-34.71843850651092
1722428279762,-34.72253907143203
1722428279827,-34.72253907143203
1722428279880,-34.72253907143203
1722428279938,-34.72253907143203
1722428280024,-34.71656402988472
1722428280093,-34.71656402988472
1722428280156,-34.71656402988472
1722428280227,-34.71128690709221
1722428280291,-34.71128690709221
1722428280363,-34.71128690709221
1722428280430,-34.73818237191903
1722428280494,-34.73818237191903
1722428280578,-34.73818237191903
1722428280640,-34.73818237191903
1722428280698,-34.75237468702143
1722428280757,-34.75237468702143
1722428280824,-34.75237468702143
1722428280895,-34.7288067174912
1722428280963,-34.7288067174912
1722428281012,-34.7288067174912
1722428281073,-34.7288067174912
1722428281139,-34.73181462588306
1722428281206,-34.73181462588306
1722428281275,-34.73181462588306
1722428281345,-34.80243714487024
1722428281405,-34.80243714487024
1722428281475,-34.80243714487024
1722428281536,-34.80243714487024
1722428281661,-34.8140756476583
1722428281720,-34.8140756476583
1722428281761,-34.8140756476583
1722428281825,-34.8140756476583
1722428281911,-34.71126716308077
1722428281972,-34.71126716308077
1722428282038,-34.71126716308077
1722428282105,-34.714627647350696
1722428282160,-34.714627647350696
1722428282234,-34.714627647350696
1722428282312,-34.739129534140446
1722428282379,-34.739129534140446
1722428282443,-34.739129534140446
1722428282507,-34.71033171503796
1722428282574,-34.71033171503796
1722428282647,-34.71033171503796
1722428282708,-34.80784537471104
1722428282773,-34.80784537471104
1722428282839,-34.80784537471104
1722428282901,-34.77290225908923
1722428282975,-34.77290225908923
1722428283040,-34.77290225908923
1722428283108,-34.82200101923957
1722428283168,-34.82200101923957
1722428283241,-34.82200101923957
1722428283310,-34.75466105590848
1722428283376,-34.75466105590848
1722428283448,-34.75466105590848
1722428283526,-34.77145960983036
1722428283588,-34.77145960983036
1722428283661,-34.77145960983036
1722428283725,-34.79159872873551
1722428283789,-34.79159872873551
1722428283844,-34.79159872873551
1722428283907,-34.79159872873551
1722428283974,-34.80811305497777
1722428284035,-34.80811305497777
1722428284102,-34.80811305497777
1722428284185,-34.80811305497777
1722428284251,-34.71166780539192
1722428284343,-34.71166780539192
1722428284385,-34.71166780539192
1722428284456,-34.73757643891073
1722428284521,-34.73757643891073
1722428284649,-34.73757643891073
1722428284711,-34.77744281117864
1722428284760,-34.77744281117864
1722428284808,-34.77744281117864
1722428284896,-34.798602754508934
1722428284951,-34.798602754508934
1722428285010,-34.798602754508934
1722428285068,-34.765041813612164
1722428285116,-34.765041813612164
1722428285185,-34.765041813612164
1722428285257,-34.71820937787663
1722428285301,-34.71820937787663
1722428285374,-34.71820937787663
1722428285434,-34.71820937787663
1722428285500,-34.78404912523584
1722428285568,-34.78404912523584
1722428285640,-34.78404912523584
1722428285704,-34.7295059226601
1722428285768,-34.7295059226601
1722428285844,-34.7295059226601
1722428285914,-34.71861209120472
1722428285967,-34.71861209120472
1722428286038,-34.71861209120472
1722428286106,-34.728714191511116
1722428286167,-34.728714191511116
1722428286250,-34.728714191511116
1722428286305,-34.78206986003871
1722428286369,-34.78206986003871
1722428286419,-34.78206986003871
1722428286503,-34.75132080415939
1722428286554,-34.75132080415939
1722428286618,-34.75132080415939
1722428286666,-34.75132080415939
1722428286735,-34.751449673424275
1722428286812,-34.751449673424275
1722428286868,-34.751449673424275
1722428286933,-34.738571730820105
1722428287000,-34.738571730820105
1722428287068,-34.738571730820105
1722428287136,-34.74685690963079
1722428287202,-34.74685690963079
1722428287270,-34.74685690963079
1722428287353,-34.778344477018045
1722428287408,-34.778344477018045
1722428287461,-34.778344477018045
1722428287512,-34.79980491039066
1722428287567,-34.79980491039066
1722428287624,-34.79980491039066
1722428287702,-34.79980491039066
1722428287771,-34.8539644124098
1722428287832,-34.8539644124098
1722428287901,-34.8539644124098
1722428287964,-34.8539644124098
1722428288038,-34.79997394026797
1722428288118,-34.79997394026797
1722428288185,-34.79997394026797
1722428288252,-34.78067828156323
1722428288317,-34.78067828156323
1722428288385,-34.78067828156323
1722428288455,-34.78067828156323
1722428288514,-34.721527306446845
1722428288582,-34.721527306446845
1722428288635,-34.721527306446845
1722428288721,-34.703986715044806
1722428288808,-34.703986715044806
1722428288888,-34.795308508599916
1722428288947,-34.795308508599916
1722428289015,-34.795308508599916
1722428289101,-34.820698158207335
1722428289164,-34.820698158207335
1722428289236,-34.820698158207335
1722428289307,-34.814632476328335
1722428289366,-34.814632476328335
1722428289435,-34.814632476328335
1722428289534,-34.80257480254088
1722428289571,-34.80257480254088
1722428289646,-34.80257480254088
1722428289728,-34.766427954816145
1722428289775,-34.766427954816145
1722428289840,-34.766427954816145
1722428289910,-34.71699796466487
1722428289965,-34.71699796466487
1722428290034,-34.71699796466487
1722428290113,-34.779678913384195
1722428290160,-34.779678913384195
1722428290269,-34.779678913384195
1722428290315,-34.73628248242583
1722428290388,-34.73628248242583
1722428290452,-34.73628248242583
1722428290530,-34.77683494326967
1722428290630,-34.77683494326967
1722428290683,-34.77683494326967
1722428290768,-34.75035436050595
1722428290832,-34.75035436050595
1722428290898,-34.75035436050595
1722428290960,-34.727051938529534
1722428291030,-34.727051938529534
1722428291103,-34.727051938529534
1722428291168,-34.77822364446304
1722428291236,-34.77822364446304
1722428291300,-34.77822364446304
1722428291368,-34.713450362289656
1722428291430,-34.713450362289656
1722428291486,-34.713450362289656
1722428291544,-34.713450362289656
1722428291616,-34.694013921011646
1722428291684,-34.694013921011646
1722428291744,-34.694013921011646
1722428291810,-34.694013921011646
1722428291900,-34.723508433698534
1722428291955,-34.723508433698534
1722428292030,-34.723508433698534
1722428292077,-34.723508433698534
1722428292163,-34.724370389770854
1722428292216,-34.724370389770854
1722428292285,-34.724370389770854
1722428292349,-34.724370389770854
1722428292414,-34.727168387693716
1722428292483,-34.727168387693716
1722428292571,-34.70138412614807
1722428292633,-34.70138412614807
1722428292702,-34.70138412614807
1722428292767,-34.70973112610369
1722428292840,-34.70973112610369
1722428292900,-34.70973112610369
1722428292969,-34.782669970087746
1722428293027,-34.782669970087746
1722428293098,-34.782669970087746
1722428293168,-34.79410779401869
1722428293228,-34.79410779401869
1722428293297,-34.79410779401869
1722428293370,-34.74447554331335
1722428293445,-34.74447554331335
1722428293503,-34.74447554331335
1722428293562,-34.747209548909574
1722428293626,-34.747209548909574
1722428293700,-34.747209548909574
1722428293792,-34.728852184829876
1722428293840,-34.728852184829876
1722428293885,-34.728852184829876
1722428293973,-34.77041859773654
1722428294041,-34.77041859773654
1722428294095,-34.77041859773654
1722428294164,-34.73790478014971
1722428294227,-34.73790478014971
1722428294283,-34.73790478014971
1722428294366,-34.81081014845521
1722428294410,-34.81081014845521
1722428294480,-34.81081014845521
1722428294570,-34.76536415625888
1722428294660,-34.76536415625888
1722428294714,-34.76536415625888
1722428294785,-34.76093191647608
1722428294850,-34.76093191647608
1722428294923,-34.76093191647608
1722428295009,-34.70708923040745
1722428295081,-34.70708923040745
1722428295138,-34.70708923040745
1722428295227,-34.760500541985095
1722428295294,-34.760500541985095
1722428295360,-34.760500541985095
1722428295435,-34.72518184514563
1722428295492,-34.72518184514563
1722428295563,-34.72518184514563
1722428295643,-34.79313330938541
1722428295710,-34.79313330938541
1722428295777,-34.79313330938541
1722428295846,-34.70196448636156
1722428295906,-34.70196448636156
1722428295976,-34.70196448636156
1722428296051,-34.72303474451764
1722428296113,-34.72303474451764
1722428296179,-34.72303474451764
1722428296246,-34.71124616546315
1722428296309,-34.71124616546315
1722428296378,-34.71124616546315
1722428296446,-34.776284041849095
1722428296508,-34.776284041849095
1722428296574,-34.776284041849095
1722428296647,-34.80135602505942
1722428296699,-34.80135602505942
1722428296747,-34.80135602505942
1722428296811,-34.80135602505942
1722428296884,-34.74883802285858
1722428296942,-34.74883802285858
1722428297012,-34.74883802285858
1722428297118,-34.72003322505216
1722428297175,-34.72003322505216
1722428297249,-34.82775869315145
1722428297302,-34.82775869315145
1722428297381,-34.82775869315145
1722428297450,-34.81391098196629
1722428297499,-34.81391098196629
1722428297560,-34.81391098196629
1722428297612,-34.81391098196629
1722428297685,-34.813596879112424
1722428297743,-34.813596879112424
1722428297810,-34.813596879112424
1722428297889,-34.688503240103834
1722428297943,-34.688503240103834
1722428298011,-34.688503240103834
1722428298077,-34.76043160456131
1722428298140,-34.76043160456131
1722428298207,-34.76043160456131
1722428298280,-34.72219374544308
1722428298361,-34.72219374544308
1722428298407,-34.72219374544308
1722428298475,-34.71407322576028
1722428298538,-34.71407322576028
1722428298603,-34.71407322576028
1722428298682,-34.738874368632764
1722428298757,-34.738874368632764
1722428298806,-34.738874368632764
1722428298874,-34.738874368632764
1722428298941,-34.75824378319907
1722428299007,-34.75824378319907
1722428299072,-34.75824378319907
1722428299159,-34.702192903661604
1722428299223,-34.702192903661604
1722428299289,-34.702192903661604
1722428299349,-34.794495853453064
1722428299408,-34.794495853453064
1722428299478,-34.794495853453064
1722428299541,-34.77620660374204
1722428299611,-34.77620660374204
1722428299684,-34.77620660374204
1722428299753,-34.820873705888374
1722428299820,-34.820873705888374
1722428299873,-34.820873705888374
1722428299941,-34.706784955140584
1722428300007,-34.706784955140584
1722428300073,-34.706784955140584
1722428300149,-34.79184386517574
1722428300224,-34.79184386517574
1722428300289,-34.79184386517574
1722428300348,-34.79184386517574
1722428300411,-34.76052322470844
1722428300462,-34.76052322470844
1722428300521,-34.76052322470844
1722428300603,-34.753649257507305
1722428300676,-34.753649257507305
1722428300740,-34.753649257507305
1722428300814,-34.717572596783135
1722428300901,-34.717572596783135
1722428300961,-34.717572596783135
1722428301026,-34.71632949555973
1722428301113,-34.71632949555973
1722428301168,-34.71632949555973
1722428301212,-34.71277566921596
1722428301305,-34.71277566921596
1722428301352,-34.71277566921596
1722428301406,-34.811047700258754
1722428301468,-34.811047700258754
1722428301536,-34.811047700258754
1722428301618,-34.80312905611305
1722428301699,-34.80312905611305
1722428301795,-34.80308358248251
1722428301861,-34.80308358248251
1722428301919,-34.80308358248251
1722428302001,-34.80308358248251
1722428302073,-34.77504292242302
1722428302139,-34.77504292242302
1722428302212,-34.8317654125496
1722428302266,-34.8317654125496
1722428302331,-34.8317654125496
1722428302388,-34.8317654125496
1722428302448,-34.74077901772087
1722428302501,-34.74077901772087
1722428302571,-34.74077901772087
1722428302634,-34.74077901772087
1722428302693,-34.766764023868205
1722428302757,-34.766764023868205
1722428302821,-34.766764023868205
1722428302903,-34.737771258633245
1722428302969,-34.737771258633245
1722428303044,-34.737771258633245
1722428303144,-34.7441581059249
1722428303190,-34.7441581059249
1722428303243,-34.7441581059249
1722428303307,-34.76353358391397
1722428303371,-34.76353358391397
1722428303443,-34.76353358391397
1722428303529,-34.769487698210824
1722428303568,-34.769487698210824
1722428303627,-34.769487698210824
1722428303710,-34.77717328572295
1722428303768,-34.77717328572295
1722428303839,-34.77717328572295
1722428303908,-34.81377890198912
1722428303970,-34.81377890198912
1722428304036,-34.81377890198912
1722428304108,-34.78048509092962
1722428304240,-34.78048509092962
1722428304311,-34.781701918007755
1722428304359,-34.781701918007755
1722428304402,-34.781701918007755
1722428304459,-34.781701918007755
1722428304546,-34.69460022872826
1722428304585,-34.69460022872826
1722428304653,-34.69460022872826
1722428304718,-34.7456299341764
1722428304790,-34.7456299341764
1722428304851,-34.7456299341764
1722428304915,-34.770526966871564
1722428304990,-34.770526966871564
1722428305068,-34.770526966871564
1722428305133,-34.789299436406765
1722428305204,-34.789299436406765
1722428305273,-34.789299436406765
1722428305333,-34.79067979052643
1722428305400,-34.79067979052643
1722428305466,-34.79067979052643
1722428305569,-34.79318619008774
1722428305651,-34.79318619008774
1722428305709,-34.79318619008774
1722428305770,-34.71155971904405
1722428305836,-34.71155971904405
1722428305894,-34.71155971904405
1722428305951,-34.76731128057625
1722428306015,-34.76731128057625
1722428306113,-34.76731128057625
1722428306166,-34.708263788325326
1722428306215,-34.708263788325326
1722428306282,-34.708263788325326
1722428306371,-34.75845052832168
1722428306424,-34.75845052832168
1722428306505,-34.75845052832168
1722428306553,-34.76635726357908
1722428306636,-34.76635726357908
1722428306706,-34.76635726357908
1722428306778,-34.769587954809616
1722428306832,-34.769587954809616
1722428306886,-34.769587954809616
1722428306958,-34.769587954809616
1722428307016,-34.769587954809616
1722428307060,-34.75790731035412
1722428307124,-34.75790731035412
1722428307182,-34.75790731035412
1722428307249,-34.705633849652166
1722428307331,-34.705633849652166
1722428307383,-34.705633849652166
1722428307456,-34.693747623578474
1722428307515,-34.693747623578474
1722428307589,-34.693747623578474
1722428307651,-34.71607206733957
1722428307722,-34.71607206733957
1722428307805,-34.71607206733957
1722428307852,-34.74325247710038
1722428307918,-34.74325247710038
1722428307996,-34.74325247710038
1722428308051,-34.827632604196396
1722428308141,-34.827632604196396
1722428308188,-34.827632604196396
1722428308275,-34.76485041415571
1722428308336,-34.76485041415571
1722428308402,-34.76485041415571
1722428308474,-34.764768095682335
1722428308531,-34.764768095682335
1722428308603,-34.764768095682335
1722428308681,-34.800155661800034
1722428308758,-34.800155661800034
1722428308819,-34.800155661800034
1722428308893,-34.83671437309431
1722428308949,-34.83671437309431
1722428309006,-34.83671437309431
1722428309066,-34.83671437309431
1722428309134,-34.722265807939515
1722428309203,-34.722265807939515
1722428309271,-34.722265807939515
1722428309335,-34.8059989133696
1722428309402,-34.8059989133696
1722428309467,-34.8059989133696
1722428309522,-34.8059989133696
1722428309589,-34.77758843474601
1722428309646,-34.77758843474601
1722428309715,-34.77758843474601
1722428309784,-34.77758843474601
1722428309848,-34.73076638314034
1722428309914,-34.73076638314034
1722428310004,-34.71656209681239
1722428310104,-34.71656209681239
1722428310151,-34.71656209681239
1722428310201,-34.70737528838809
1722428310268,-34.70737528838809
1722428310336,-34.70737528838809
1722428310427,-34.699661028529704
1722428310468,-34.699661028529704
1722428310542,-34.699661028529704
1722428310613,-34.72063563515968
1722428310658,-34.72063563515968
1722428310729,-34.72063563515968
1722428310800,-34.72063563515968
1722428310867,-34.795041336764136
1722428310940,-34.795041336764136
1722428311012,-34.795041336764136
1722428311061,-34.82165824703996
1722428311133,-34.82165824703996
1722428311195,-34.82165824703996
1722428311270,-34.78188904934207
1722428311329,-34.78188904934207
1722428311384,-34.78188904934207
1722428311460,-34.80018644096816
1722428311530,-34.80018644096816
1722428311581,-34.80018644096816
1722428311661,-34.77587234906929
1722428311728,-34.77587234906929
1722428311798,-34.77587234906929
1722428311878,-34.72934367076106
1722428311949,-34.72934367076106
1722428312030,-34.79854351446059
1722428312097,-34.79854351446059
1722428312164,-34.79854351446059
1722428312250,-34.829997175808046
1722428312316,-34.829997175808046
1722428312375,-34.829997175808046
1722428312453,-34.8422471498891
1722428312514,-34.8422471498891
1722428312578,-34.8422471498891
1722428312651,-34.75601021772148
1722428312717,-34.75601021772148
1722428312764,-34.75601021772148
1722428312834,-34.731734243608074
1722428312893,-34.731734243608074
1722428312962,-34.731734243608074
1722428313045,-34.74384204436984
1722428313115,-34.74384204436984
1722428313177,-34.74384204436984
1722428313229,-34.74384204436984
1722428313293,-34.74412033789903
1722428313370,-34.74412033789903
1722428313428,-34.74412033789903
1722428313513,-34.70769605183692
1722428313572,-34.70769605183692
1722428313626,-34.70769605183692
1722428313696,-34.7215789708697
1722428313771,-34.7215789708697
1722428313816,-34.7215789708697
1722428313861,-34.7215789708697
1722428313928,-34.72519800299446
1722428313996,-34.72519800299446
1722428314061,-34.72519800299446
1722428314131,-34.72602299423799
1722428314198,-34.72602299423799
1722428314258,-34.72602299423799
1722428314344,-34.70365982427457
1722428314412,-34.70365982427457
1722428314495,-34.70365982427457
1722428314546,-34.70365982427457
1722428314610,-34.68055202492417
1722428314659,-34.68055202492417
1722428314731,-34.68055202492417
1722428314807,-34.728180111875425
1722428314903,-34.728180111875425
1722428314947,-34.728180111875425
1722428315018,-34.73031290454427
1722428315085,-34.73031290454427
1722428315150,-34.73031290454427
1722428315235,-34.76027219134306
1722428315295,-34.76027219134306
1722428315358,-34.76027219134306
1722428315428,-34.77997968130951
1722428315485,-34.77997968130951
1722428315542,-34.77997968130951
1722428315614,-34.71986573107748
1722428315684,-34.71986573107748
1722428315752,-34.71986573107748
1722428315826,-34.73267535106984
1722428315875,-34.73267535106984
1722428315942,-34.73267535106984
1722428316033,-34.72548582748796
1722428316092,-34.72548582748796
1722428316156,-34.72548582748796
1722428316230,-34.71715453724577
1722428316303,-34.71715453724577
1722428316361,-34.71715453724577
1722428316428,-34.729873131239756
1722428316493,-34.729873131239756
1722428316557,-34.729873131239756
1722428316651,-34.80973858542378
1722428316714,-34.80973858542378
1722428316778,-34.80973858542378
1722428316846,-34.80164279647666
1722428316909,-34.80164279647666
1722428316980,-34.80164279647666
1722428317041,-34.80164279647666
1722428317106,-34.736035927474795
1722428317173,-34.736035927474795
1722428317280,-34.736035927474795
1722428317320,-34.80110309076374
1722428317393,-34.80110309076374
1722428317465,-34.80110309076374
1722428317526,-34.737905281745086
1722428317601,-34.737905281745086
1722428317648,-34.737905281745086
1722428317724,-34.807235096221476
1722428317795,-34.807235096221476
1722428317858,-34.807235096221476
1722428317918,-34.711351130207426
1722428318021,-34.711351130207426
1722428318079,-34.724809643686775
1722428318139,-34.724809643686775
1722428318225,-34.724809643686775
1722428318302,-34.74057962903632
1722428318387,-34.74057962903632
1722428318444,-34.74057962903632
1722428318518,-34.80730646168518
1722428318577,-34.80730646168518
1722428318658,-34.80730646168518
1722428318734,-34.75052090925207
1722428318815,-34.75052090925207
1722428318882,-34.75052090925207
1722428319003,-34.738562274296605
1722428319125,-34.79500841266211
1722428319171,-34.79500841266211
1722428319226,-34.79500841266211
1722428319291,-34.79500841266211
1722428319362,-34.7119213117362
1722428319426,-34.7119213117362
1722428319494,-34.7795204286512
1722428319566,-34.7795204286512
1722428319626,-34.7795204286512
1722428319690,-34.76062199768423
1722428319761,-34.76062199768423
1722428319815,-34.76062199768423
1722428319874,-34.76062199768423
1722428319939,-34.81314055314792
1722428320007,-34.81314055314792
1722428320071,-34.81314055314792
1722428320124,-34.79681790538142
1722428320188,-34.79681790538142
1722428320258,-34.79681790538142
1722428320311,-34.79681790538142
1722428320377,-34.79802041420102
1722428320427,-34.79802041420102
1722428320499,-34.79802041420102
1722428320566,-34.79802041420102
1722428320627,-34.810640919269325
1722428320695,-34.810640919269325
1722428320755,-34.810640919269325
1722428320843,-34.802567224204374
1722428320910,-34.802567224204374
1722428320977,-34.802567224204374
1722428321043,-34.80074835221677
1722428321109,-34.80074835221677
1722428321177,-34.80074835221677
1722428321244,-34.79541267847356
1722428321306,-34.79541267847356
1722428321372,-34.79541267847356
1722428321450,-34.81738340749205
1722428321514,-34.81738340749205
1722428321563,-34.81738340749205
1722428321640,-34.81738340749205
1722428321721,-34.904550879291406
1722428321771,-34.904550879291406
1722428321835,-34.904550879291406
1722428321922,-34.859866873877415
1722428321991,-34.859866873877415
1722428322053,-34.859866873877415
1722428322124,-34.81456784679159
1722428322174,-34.81456784679159
1722428322244,-34.81456784679159
1722428322323,-34.823127775445286
1722428322384,-34.823127775445286
1722428322453,-34.823127775445286
1722428322543,-34.83884267044728
1722428322588,-34.83884267044728
1722428322659,-34.83884267044728
1722428322743,-34.974425967483185
1722428322811,-34.974425967483185
1722428322870,-34.974425967483185
1722428322935,-34.974425967483185
1722428323000,-34.88406905868935
1722428323070,-34.88406905868935
1722428323133,-34.88406905868935
1722428323206,-34.91392389585187
1722428323269,-34.91392389585187
1722428323326,-34.91392389585187
1722428323376,-34.91392389585187
1722428323426,-34.90498118710279
1722428323486,-34.90498118710279
1722428323540,-34.90498118710279
1722428323605,-34.90498118710279
1722428323668,-34.89658987489305
1722428323734,-34.89658987489305
1722428323802,-34.89658987489305
1722428323881,-35.00789007503812
1722428323952,-35.00789007503812
1722428324011,-35.00789007503812
1722428324090,-34.97408211362724
1722428324136,-34.97408211362724
1722428324211,-34.97408211362724
1722428324268,-34.97408211362724
1722428324331,-34.97408211362724
1722428324401,-34.97408211362724
1722428324447,-34.997926770241065
1722428324519,-34.997926770241065
1722428324581,-34.997926770241065
1722428324658,-34.998898185128965
1722428324717,-34.998898185128965
1722428324795,-34.998898185128965
1722428324853,-34.998898185128965
1722428324945,-35.046552592814955
1722428325137,-35.046552592814955
1722428325233,-35.08552054631223
1722428325281,-35.08552054631223
1722428325431,-35.08552054631223
1722428325484,-35.1768299524967
1722428325533,-35.1768299524967
1722428325605,-35.1768299524967
1722428325668,-35.1768299524967
1722428325742,-35.13681045048496
1722428325830,-35.13681045048496
1722428325880,-35.13681045048496
1722428325990,-35.164232001003136
1722428326070,-35.164232001003136
1722428326121,-35.164232001003136
1722428326171,-35.14496639245506
1722428326259,-35.14496639245506
1722428326304,-35.14496639245506
1722428326368,-35.14496639245506
1722428326434,-35.14496639245506
1722428326513,-35.19826295578107
1722428326582,-35.19826295578107
1722428326646,-35.19826295578107
1722428326763,-35.19826295578107
1722428326812,-35.66524533629702
1722428326874,-35.66524533629702
1722428327029,-35.66524533629702
1722428327119,-35.63458576945502
1722428327198,-35.63458576945502
1722428327324,-35.61468097095449
1722428327388,-35.61468097095449
1722428327491,-35.61468097095449
1722428327549,-35.641043337400916
1722428327587,-35.641043337400916
1722428327660,-35.641043337400916
1722428327756,-35.641043337400916
1722428327898,-35.81306346614549
1722428327971,-35.81306346614549
1722428328017,-35.81306346614549
1722428328077,-35.81306346614549
1722428328131,-35.88945589951808
1722428328214,-35.88945589951808
1722428328267,-35.88945589951808
1722428328335,-35.9545383676889
1722428328420,-35.9545383676889
1722428328473,-35.9545383676889
1722428328537,-35.9545383676889
1722428328605,-36.37046701977451
1722428328696,-36.37046701977451
1722428328742,-36.37046701977451
1722428328810,-36.37046701977451
1722428328880,-36.463908347989644
1722428328937,-36.463908347989644
1722428328998,-36.463908347989644
1722428329091,-36.46529305743019
1722428329144,-36.46529305743019
1722428329190,-36.46529305743019
1722428329246,-36.46529305743019
1722428329314,-36.484020694315326
1722428329382,-36.484020694315326
1722428329446,-36.484020694315326
1722428329513,-36.484020694315326
1722428329581,-36.54425573448515
1722428329648,-36.54425573448515
1722428329712,-36.54425573448515
1722428329784,-36.54425573448515
1722428329846,-36.59374551754026
1722428329911,-36.59374551754026
1722428329978,-36.59374551754026
1722428330054,-38.10196262352885
1722428330116,-38.10196262352885
1722428330179,-38.10196262352885
1722428330230,-38.10196262352885
1722428330316,-38.02227824965685
1722428330396,-38.02227824965685
1722428330467,-38.02227824965685
1722428330527,-38.02227824965685
1722428330580,-38.05286815417319
1722428330664,-38.05286815417319
1722428330735,-38.05286815417319
1722428330876,-38.01308129807644
1722428330988,-38.01308129807644
1722428331040,-38.02610354044013
1722428331095,-38.02610354044013
1722428331150,-38.02610354044013
1722428331225,-38.02610354044013
1722428331342,-38.224054296392076
1722428331386,-38.224054296392076
1722428331489,-38.224054296392076
1722428331541,-38.21430311616918
1722428331589,-38.21430311616918
1722428331645,-38.21430311616918
1722428331725,-38.21430311616918
1722428331777,-38.94028551776883
1722428331840,-38.94028551776883
1722428331921,-38.94028551776883
1722428332001,-38.94458943843083
1722428332070,-38.94458943843083
1722428332115,-38.94458943843083
1722428332180,-38.94458943843083
1722428332243,-39.41834039113108
1722428332332,-39.41834039113108
1722428332403,-39.41834039113108
1722428332459,-39.41834039113108
1722428332530,-39.459044932544394
1722428332590,-39.459044932544394
1722428332666,-39.459044932544394
1722428332745,-40.78278562306963
1722428332791,-40.78278562306963
1722428332864,-40.78278562306963
1722428332924,-40.78278562306963
1722428333001,-40.83557893566503
1722428333058,-40.83557893566503
1722428333129,-40.83557893566503
1722428333204,-40.83557893566503
1722428333313,-40.79725420619624
1722428333366,-40.79725420619624
1722428333420,-40.79725420619624
1722428333503,-40.813685154776294
1722428333563,-40.813685154776294
1722428333631,-40.813685154776294
1722428333699,-42.34586009389288
1722428333760,-42.34586009389288
1722428333807,-42.34586009389288
1722428333885,-42.34586009389288
1722428333946,-42.25393844363569
1722428334020,-42.25393844363569
1722428334077,-42.25393844363569
1722428334148,-42.25393844363569
1722428334233,-45.562610642991174
1722428334291,-45.562610642991174
1722428334361,-45.562610642991174
1722428334427,-45.562610642991174
1722428334495,-98.49462407391955
1722428334574,-98.49462407391955
1722428334635,-98.49462407391955
1722428334694,-97.85554969150616
1722428334760,-97.85554969150616
1722428334830,-97.85554969150616
1722428334891,-97.85554969150616
1722428334958,-98.05753799123983
1722428335024,-98.05753799123983
1722428335103,-98.05753799123983
1722428335154,-98.05753799123983
1722428335215,-97.57120571703895
1722428335280,-97.57120571703895
1722428335340,-97.57120571703895
