timestamp,x,y,z,utc,dbm,buffer_voltage_mv,resistance,pwr_nw
1718719795.2131758,1.0,2.0,3.0,16:09:53,"[-0.1, -0.2, 0.3, 0.4, -0.5, -0.6, 0.7, 0.8, 0.9]",-81.84809555509096,49,1000000,2
1718719795.7519174,1.0,2.0,3.0,16:09:54,"[-0.1, -0.2, 0.3, 0.4, -0.5, -0.6, 0.7, 0.8, 0.9]",-81.77572544597355,49,1000000,2
1718719796.2810512,1.0,2.0,3.0,16:09:54,"[-0.1, -0.2, 0.3, 0.4, -0.5, -0.6, 0.7, 0.8, 0.9]",-81.50269423221438,49,1000000,2
1718719796.8203259,1.0,2.0,3.0,16:09:55,"[-0.1, -0.2, 0.3, 0.4, -0.5, -0.6, 0.7, 0.8, 0.9]",-81.581907845757,49,1000000,2
1718719797.371611,1.0,2.0,3.0,16:09:56,"[-0.1, -0.2, 0.3, 0.4, -0.5, -0.6, 0.7, 0.8, 0.9]",-81.81455034102163,49,1000000,2
1718719797.9108438,1.0,2.0,3.0,16:09:56,"[-0.1, -0.2, 0.3, 0.4, -0.5, -0.6, 0.7, 0.8, 0.9]",-81.66356856344527,49,1000000,2
1718719798.4718192,1.0,2.0,3.0,16:09:57,"[-0.1, -0.2, 0.3, 0.4, -0.5, -0.6, 0.7, 0.8, 0.9]",-81.82407793317269,49,1000000,2
1718719799.041827,1.0,2.0,3.0,16:09:57,"[-0.1, -0.2, 0.3, 0.4, -0.5, -0.6, 0.7, 0.8, 0.9]",-81.88230167121021,49,1000000,2
1718719799.5553532,1.0,2.0,3.0,16:09:58,"[-0.1, -0.2, 0.3, 0.4, -0.5, -0.6, 0.7, 0.8, 0.9]",-81.54879556646,49,1000000,2
1718719800.102226,1.0,2.0,3.0,16:09:58,"[-0.1, -0.2, 0.3, 0.4, -0.5, -0.6, 0.7, 0.8, 0.9]",-81.60964137115292,49,1000000,2
1718719800.666603,1.0,2.0,3.0,16:09:59,"[-0.1, -0.2, 0.3, 0.4, -0.5, -0.6, 0.7, 0.8, 0.9]",-81.86270456644644,49,1000000,2
1718719801.22,1.0,2.0,3.0,16:09:59,"[-0.1, -0.2, 0.3, 0.4, -0.5, -0.6, 0.7, 0.8, 0.9]",-81.87418396143728,49,1000000,2
1718719801.777083,1.0,2.0,3.0,16:10:00,"[-0.1, -0.2, 0.3, 0.4, -0.5, -0.6, 0.7, 0.8, 0.9]",-81.54406580548434,49,1000000,2
1718719802.3277051,1.0,2.0,3.0,16:10:00,"[-0.1, -0.2, 0.3, 0.4, -0.5, -0.6, 0.7, 0.8, 0.9]",-81.69942344196998,49,1000000,2
1718719802.883154,1.0,2.0,3.0,16:10:01,"[-0.1, -0.2, 0.3, 0.4, -0.5, -0.6, 0.7, 0.8, 0.9]",-81.69325707688719,49,1000000,2
1718719803.4093223,1.0,2.0,3.0,16:10:01,"[-0.1, -0.2, 0.3, 0.4, -0.5, -0.6, 0.7, 0.8, 0.9]",-81.74396057093122,50,1000000,2
1718719803.9334474,1.0,2.0,3.0,16:10:02,"[-0.1, -0.2, 0.3, 0.4, -0.5, -0.6, 0.7, 0.8, 0.9]",-81.60886321520847,50,1000000,2
1718719804.469064,1.0,2.0,3.0,16:10:02,"[-0.1, -0.2, 0.3, 0.4, -0.5, -0.6, 0.7, 0.8, 0.9]",-81.80010967449165,50,1000000,2
1718719805.010487,1.0,2.0,3.0,16:10:03,"[-0.1, -0.2, 0.3, 0.4, -0.5, -0.6, 0.7, 0.8, 0.9]",-81.73685925018478,49,1000000,2
1718719805.6002455,1.0,2.0,3.0,16:10:04,"[-0.1, -0.2, 0.3, 0.4, -0.5, -0.6, 0.7, 0.8, 0.9]",-21.072289297682044,49,1000000,2
1718719806.200279,1.0,2.0,3.0,16:10:04,"[-0.1, -0.2, 0.3, 0.4, -0.5, -0.6, 0.7, 0.8, 0.9]",-21.127678156212202,1632,570312,4670
1718719806.8610997,1.0,2.0,3.0,16:10:05,"[-0.1, -0.2, 0.3, 0.4, -0.5, -0.6, 0.7, 0.8, 0.9]",-21.062845464155643,1618,570312,4613
1718719807.4665542,1.0,2.0,3.0,16:10:05,"[-0.1, -0.2, 0.3, 0.4, -0.5, -0.6, 0.7, 0.8, 0.9]",-20.946516467048845,1618,570312,4613
1718719808.1049697,1.0,2.0,3.0,16:10:06,"[-0.1, -0.2, 0.3, 0.4, -0.5, -0.6, 0.7, 0.8, 0.9]",-21.04882716662042,1618,570312,4618
1718719808.7071333,1.0,2.0,3.0,16:10:07,"[-0.1, -0.2, 0.3, 0.4, -0.5, -0.6, 0.7, 0.8, 0.9]",-20.98919569974989,1618,570312,4618
1718719809.2878525,1.0,2.0,3.0,16:10:07,"[-0.1, -0.2, 0.3, 0.4, -0.5, -0.6, 0.7, 0.8, 0.9]",-20.98625781375821,1623,570312,4601
1718719809.8718917,1.0,2.0,3.0,16:10:08,"[-0.1, -0.2, 0.3, 0.4, -0.5, -0.6, 0.7, 0.8, 0.9]",-21.09942773850853,1620,570312,4607
1718719810.4667318,1.0,2.0,3.0,16:10:08,"[-0.1, -0.2, 0.3, 0.4, -0.5, -0.6, 0.7, 0.8, 0.9]",-20.993470631682353,1620,570312,4607
1718719811.066956,1.0,2.0,3.0,16:10:09,"[-0.1, -0.2, 0.3, 0.4, -0.5, -0.6, 0.7, 0.8, 0.9]",-20.97087535470854,1625,570312,4618
1718719811.6451993,1.0,2.0,3.0,16:10:09,"[-0.1, -0.2, 0.3, 0.4, -0.5, -0.6, 0.7, 0.8, 0.9]",-20.969668586150615,1625,570312,4618
1718719812.2441003,1.0,2.0,3.0,16:10:10,"[-0.1, -0.2, 0.3, 0.4, -0.5, -0.6, 0.7, 0.8, 0.9]",-21.133578919562154,1621,570312,4584
1718719812.8478165,1.0,2.0,3.0,16:10:11,"[-0.1, -0.2, 0.3, 0.4, -0.5, -0.6, 0.7, 0.8, 0.9]",-21.09373718649987,1621,570312,4584
1718719813.382187,1.0,2.0,3.0,16:10:11,"[-0.1, -0.2, 0.3, 0.4, -0.5, -0.6, 0.7, 0.8, 0.9]",-20.96545602338406,1623,570312,4618
1718719813.9798374,1.0,2.0,3.0,16:10:12,"[-0.1, -0.2, 0.3, 0.4, -0.5, -0.6, 0.7, 0.8, 0.9]",-21.184898974668712,1624,570312,4596
1718719814.5658765,1.0,2.0,3.0,16:10:12,"[-0.1, -0.2, 0.3, 0.4, -0.5, -0.6, 0.7, 0.8, 0.9]",-21.079048132768573,1624,570312,4596
1718719815.1297092,1.0,2.0,3.0,16:10:13,"[-0.1, -0.2, 0.3, 0.4, -0.5, -0.6, 0.7, 0.8, 0.9]",-21.475196185361227,1616,570312,4578
1718719815.739963,1.0,2.0,3.0,16:10:13,"[-0.1, -0.2, 0.3, 0.4, -0.5, -0.6, 0.7, 0.8, 0.9]",-21.40275839594289,1616,570312,4578
1718719816.335309,1.0,2.0,3.0,16:10:14,"[-0.1, -0.2, 0.3, 0.4, -0.5, -0.6, 0.7, 0.8, 0.9]",-21.45548043913644,1635,324218,8255
1718719816.9132464,1.0,2.0,3.0,16:10:15,"[-0.1, -0.2, 0.3, 0.4, -0.5, -0.6, 0.7, 0.8, 0.9]",-21.407284275949262,1635,324218,8255
1718719817.5203202,1.0,2.0,3.0,16:10:15,"[-0.1, -0.2, 0.3, 0.4, -0.5, -0.6, 0.7, 0.8, 0.9]",-21.389505906043947,1638,324218,8285
1718719818.1260803,1.0,2.0,3.0,16:10:16,"[-0.1, -0.2, 0.3, 0.4, -0.5, -0.6, 0.7, 0.8, 0.9]",-21.391396948403862,1633,324218,8255
1718719818.739546,1.0,2.0,3.0,16:10:16,"[-0.1, -0.2, 0.3, 0.4, -0.5, -0.6, 0.7, 0.8, 0.9]",-21.478855467210618,1633,324218,8255
1718719819.3393168,1.0,2.0,3.0,16:10:17,"[-0.1, -0.2, 0.3, 0.4, -0.5, -0.6, 0.7, 0.8, 0.9]",-21.429300066625522,1639,324218,8285
1718719819.9483142,1.0,2.0,3.0,16:10:18,"[-0.1, -0.2, 0.3, 0.4, -0.5, -0.6, 0.7, 0.8, 0.9]",-21.383914443516407,1639,324218,8285
1718719820.5735066,1.0,2.0,3.0,16:10:19,"[-0.1, -0.2, 0.3, 0.4, -0.5, -0.6, 0.7, 0.8, 0.9]",-21.42922517232288,1634,324218,8235
1718719821.1926687,1.0,2.0,3.0,16:10:19,"[-0.1, -0.2, 0.3, 0.4, -0.5, -0.6, 0.7, 0.8, 0.9]",-21.38650424493171,1640,324218,8265
1718719821.7828825,1.0,2.0,3.0,16:10:20,"[-0.1, -0.2, 0.3, 0.4, -0.5, -0.6, 0.7, 0.8, 0.9]",-21.384749221176953,1640,324218,8265
1718719822.3983536,1.0,2.0,3.0,16:10:21,"[-0.1, -0.2, 0.3, 0.4, -0.5, -0.6, 0.7, 0.8, 0.9]",-21.382018196391982,1638,324218,8275
1718719823.0223408,1.0,2.0,3.0,16:10:21,"[-0.1, -0.2, 0.3, 0.4, -0.5, -0.6, 0.7, 0.8, 0.9]",-21.377242688233906,1638,324218,8275
1718719823.634134,1.0,2.0,3.0,16:10:22,"[-0.1, -0.2, 0.3, 0.4, -0.5, -0.6, 0.7, 0.8, 0.9]",-21.391443647774043,1637,324218,8265
1718719824.2217116,1.0,2.0,3.0,16:10:22,"[-0.1, -0.2, 0.3, 0.4, -0.5, -0.6, 0.7, 0.8, 0.9]",-21.32729787819264,1637,324218,8265
1718719824.8125188,1.0,2.0,3.0,16:10:23,"[-0.1, -0.2, 0.3, 0.4, -0.5, -0.6, 0.7, 0.8, 0.9]",-21.415356200813225,1637,324218,8265
1718719825.3369615,1.0,2.0,3.0,16:10:24,"[-0.1, -0.2, 0.3, 0.4, -0.5, -0.6, 0.7, 0.8, 0.9]",-23.998769841482826,267,402343,149
1718719825.889367,1.0,2.0,3.0,16:10:24,"[-0.1, -0.2, 0.3, 0.4, -0.5, -0.6, 0.7, 0.8, 0.9]",-23.741351002525462,267,402343,149
1718719826.4796429,1.0,2.0,3.0,16:10:25,"[-0.1, -0.2, 0.3, 0.4, -0.5, -0.6, 0.7, 0.8, 0.9]",-23.956976458458044,454,1000000,208
1718719827.0001924,1.0,2.0,3.0,16:10:25,"[-0.1, -0.2, 0.3, 0.4, -0.5, -0.6, 0.7, 0.8, 0.9]",-24.041049157106656,456,1000000,211
1718719827.533851,1.0,2.0,3.0,16:10:26,"[-0.1, -0.2, 0.3, 0.4, -0.5, -0.6, 0.7, 0.8, 0.9]",-23.9947030488565,456,1000000,211
1718719828.0777938,1.0,2.0,3.0,16:10:26,"[-0.1, -0.2, 0.3, 0.4, -0.5, -0.6, 0.7, 0.8, 0.9]",-24.032534411907392,458,1000000,206
1718719828.596572,1.0,2.0,3.0,16:10:27,"[-0.1, -0.2, 0.3, 0.4, -0.5, -0.6, 0.7, 0.8, 0.9]",-23.930876940995624,458,1000000,206
1718719829.1091874,1.0,2.0,3.0,16:10:27,"[-0.1, -0.2, 0.3, 0.4, -0.5, -0.6, 0.7, 0.8, 0.9]",-24.031146174787104,458,1000000,206
1718719829.6320803,1.0,2.0,3.0,16:10:28,"[-0.1, -0.2, 0.3, 0.4, -0.5, -0.6, 0.7, 0.8, 0.9]",-24.154453485721874,413,1000000,168
1718719830.1536684,1.0,2.0,3.0,16:10:28,"[-0.1, -0.2, 0.3, 0.4, -0.5, -0.6, 0.7, 0.8, 0.9]",-24.145823113160787,413,1000000,168
1718719830.6852932,1.0,2.0,3.0,16:10:29,"[-0.1, -0.2, 0.3, 0.4, -0.5, -0.6, 0.7, 0.8, 0.9]",-24.03887836078959,413,1000000,168
1718719831.2438612,1.0,2.0,3.0,16:10:29,"[-0.1, -0.2, 0.3, 0.4, -0.5, -0.6, 0.7, 0.8, 0.9]",-24.245647764753997,441,1000000,188
1718719831.7633085,1.0,2.0,3.0,16:10:30,"[-0.1, -0.2, 0.3, 0.4, -0.5, -0.6, 0.7, 0.8, 0.9]",-24.19756233695304,441,1000000,188
1718719832.2850568,1.0,2.0,3.0,16:10:30,"[-0.1, -0.2, 0.3, 0.4, -0.5, -0.6, 0.7, 0.8, 0.9]",-24.222337658835464,441,1000000,188
1718719832.8236208,1.0,2.0,3.0,16:10:31,"[-0.1, -0.2, 0.3, 0.4, -0.5, -0.6, 0.7, 0.8, 0.9]",-24.0716171417645,448,1000000,200
1718719833.3927665,1.0,2.0,3.0,16:10:31,"[-0.1, -0.2, 0.3, 0.4, -0.5, -0.6, 0.7, 0.8, 0.9]",-23.96375573355754,448,1000000,200
1718719833.9498289,1.0,2.0,3.0,16:10:32,"[-0.1, -0.2, 0.3, 0.4, -0.5, -0.6, 0.7, 0.8, 0.9]",-24.21668359292932,448,1000000,202
1718719834.5041845,1.0,2.0,3.0,16:10:32,"[-0.1, -0.2, 0.3, 0.4, -0.5, -0.6, 0.7, 0.8, 0.9]",-24.179231109809017,448,1000000,202
1718719835.0631802,1.0,2.0,3.0,16:10:33,"[-0.1, -0.2, 0.3, 0.4, -0.5, -0.6, 0.7, 0.8, 0.9]",-24.314919323151855,442,1000000,195
1718719835.6000123,1.0,2.0,3.0,16:10:34,"[-0.1, -0.2, 0.3, 0.4, -0.5, -0.6, 0.7, 0.8, 0.9]",-24.20827613473763,442,1000000,195
1718719836.122927,1.0,2.0,3.0,16:10:34,"[-0.1, -0.2, 0.3, 0.4, -0.5, -0.6, 0.7, 0.8, 0.9]",-24.0355658933686,442,1000000,195
1718719836.6752563,1.0,2.0,3.0,16:10:35,"[-0.1, -0.2, 0.3, 0.4, -0.5, -0.6, 0.7, 0.8, 0.9]",-24.262435401318847,1636,789062,3387
1718719837.215842,1.0,2.0,3.0,16:10:35,"[-0.1, -0.2, 0.3, 0.4, -0.5, -0.6, 0.7, 0.8, 0.9]",-24.299848647170073,1636,789062,3387
1718719837.7286665,1.0,2.0,3.0,16:10:36,"[-0.1, -0.2, 0.3, 0.4, -0.5, -0.6, 0.7, 0.8, 0.9]",-24.249260774102538,1636,789062,3387
1718719838.2623188,1.0,2.0,3.0,16:10:36,"[-0.1, -0.2, 0.3, 0.4, -0.5, -0.6, 0.7, 0.8, 0.9]",-24.228775367219498,1645,789062,3437
1718719838.8109229,1.0,2.0,3.0,16:10:37,"[-0.1, -0.2, 0.3, 0.4, -0.5, -0.6, 0.7, 0.8, 0.9]",-24.30071515654427,1645,789062,3437
1718719839.3149846,1.0,2.0,3.0,16:10:37,"[-0.1, -0.2, 0.3, 0.4, -0.5, -0.6, 0.7, 0.8, 0.9]",-24.241004536958286,1645,789062,3437
1718719839.86555,1.0,2.0,3.0,16:10:38,"[-0.1, -0.2, 0.3, 0.4, -0.5, -0.6, 0.7, 0.8, 0.9]",-24.20717297696048,1635,789062,3387
1718719840.413585,1.0,2.0,3.0,16:10:38,"[-0.1, -0.2, 0.3, 0.4, -0.5, -0.6, 0.7, 0.8, 0.9]",-24.236478919643247,1635,789062,3387
1718719840.951386,1.0,2.0,3.0,16:10:39,"[-0.1, -0.2, 0.3, 0.4, -0.5, -0.6, 0.7, 0.8, 0.9]",-24.28354804127268,1625,785156,3354
1718719841.4814677,1.0,2.0,3.0,16:10:39,"[-0.1, -0.2, 0.3, 0.4, -0.5, -0.6, 0.7, 0.8, 0.9]",-24.376000170986558,1625,785156,3354
1718719842.012401,1.0,2.0,3.0,16:10:40,"[-0.1, -0.2, 0.3, 0.4, -0.5, -0.6, 0.7, 0.8, 0.9]",-24.25807709203498,1625,785156,3354
1718719842.5314617,1.0,2.0,3.0,16:10:40,"[-0.1, -0.2, 0.3, 0.4, -0.5, -0.6, 0.7, 0.8, 0.9]",-24.306129284432572,1630,785156,3383
1718719843.052717,1.0,2.0,3.0,16:10:41,"[-0.1, -0.2, 0.3, 0.4, -0.5, -0.6, 0.7, 0.8, 0.9]",-24.24300339898678,1630,785156,3383
1718719843.5678384,1.0,2.0,3.0,16:10:41,"[-0.1, -0.2, 0.3, 0.4, -0.5, -0.6, 0.7, 0.8, 0.9]",-24.086129033274446,1630,785156,3383
1718719844.1066382,1.0,2.0,3.0,16:10:42,"[-0.1, -0.2, 0.3, 0.4, -0.5, -0.6, 0.7, 0.8, 0.9]",-24.404688031077605,1625,785156,3350
1718719844.6359904,1.0,2.0,3.0,16:10:42,"[-0.1, -0.2, 0.3, 0.4, -0.5, -0.6, 0.7, 0.8, 0.9]",-24.338680820053938,1625,785156,3350
1718719845.2676094,1.0,2.0,3.0,16:10:43,"[-0.1, -0.2, 0.3, 0.4, -0.5, -0.6, 0.7, 0.8, 0.9]",-22.269986365240108,1625,785156,3350
1718719845.8697922,1.0,2.0,3.0,16:10:44,"[-0.1, -0.2, 0.3, 0.4, -0.5, -0.6, 0.7, 0.8, 0.9]",-22.2142243269739,1644,421875,6398
1718719846.461227,1.0,2.0,3.0,16:10:44,"[-0.1, -0.2, 0.3, 0.4, -0.5, -0.6, 0.7, 0.8, 0.9]",-22.187409118974635,1644,421875,6398
1718719847.0270054,1.0,2.0,3.0,16:10:45,"[-0.1, -0.2, 0.3, 0.4, -0.5, -0.6, 0.7, 0.8, 0.9]",-22.25705554359388,1643,421875,6422
1718719847.6262515,1.0,2.0,3.0,16:10:46,"[-0.1, -0.2, 0.3, 0.4, -0.5, -0.6, 0.7, 0.8, 0.9]",-22.16913708921095,1638,421875,6383
1718719848.236175,1.0,2.0,3.0,16:10:46,"[-0.1, -0.2, 0.3, 0.4, -0.5, -0.6, 0.7, 0.8, 0.9]",-22.26186221298464,1638,421875,6383
1718719848.7967353,1.0,2.0,3.0,16:10:47,"[-0.1, -0.2, 0.3, 0.4, -0.5, -0.6, 0.7, 0.8, 0.9]",-22.286868642887285,1640,421875,6367
1718719849.4106917,1.0,2.0,3.0,16:10:48,"[-0.1, -0.2, 0.3, 0.4, -0.5, -0.6, 0.7, 0.8, 0.9]",-22.095164674822108,1640,421875,6367
1718719849.962505,1.0,2.0,3.0,16:10:48,"[-0.1, -0.2, 0.3, 0.4, -0.5, -0.6, 0.7, 0.8, 0.9]",-22.393214401450685,1641,421875,6375
1718719850.572553,1.0,2.0,3.0,16:10:49,"[-0.1, -0.2, 0.3, 0.4, -0.5, -0.6, 0.7, 0.8, 0.9]",-22.22507168271418,1639,421875,6375
1718719851.1914487,1.0,2.0,3.0,16:10:49,"[-0.1, -0.2, 0.3, 0.4, -0.5, -0.6, 0.7, 0.8, 0.9]",-22.216343724997635,1639,421875,6375
1718719851.7546382,1.0,2.0,3.0,16:10:50,"[-0.1, -0.2, 0.3, 0.4, -0.5, -0.6, 0.7, 0.8, 0.9]",-22.210230867118888,1644,421875,6390
1718719852.3538232,1.0,2.0,3.0,16:10:50,"[-0.1, -0.2, 0.3, 0.4, -0.5, -0.6, 0.7, 0.8, 0.9]",-22.17706580294493,1644,421875,6390
1718719852.8926775,1.0,2.0,3.0,16:10:51,"[-0.1, -0.2, 0.3, 0.4, -0.5, -0.6, 0.7, 0.8, 0.9]",-22.192887745081656,1644,421875,6390
1718719853.4840097,1.0,2.0,3.0,16:10:52,"[-0.1, -0.2, 0.3, 0.4, -0.5, -0.6, 0.7, 0.8, 0.9]",-22.247073855758146,1644,421875,6390
1718719854.111266,1.0,2.0,3.0,16:10:52,"[-0.1, -0.2, 0.3, 0.4, -0.5, -0.6, 0.7, 0.8, 0.9]",-22.14064252237641,1644,421875,6390
1718719854.6584597,1.0,2.0,3.0,16:10:53,"[-0.1, -0.2, 0.3, 0.4, -0.5, -0.6, 0.7, 0.8, 0.9]",-22.226586814512885,1645,421875,6406
1718719855.256558,1.0,2.0,3.0,16:10:53,"[-0.1, -0.2, 0.3, 0.4, -0.5, -0.6, 0.7, 0.8, 0.9]",-20.59225243096722,1646,421875,6406
1718719855.8629467,1.0,2.0,3.0,16:10:54,"[-0.1, -0.2, 0.3, 0.4, -0.5, -0.6, 0.7, 0.8, 0.9]",-20.583061144048216,1646,421875,6406
1718719856.4754193,1.0,2.0,3.0,16:10:54,"[-0.1, -0.2, 0.3, 0.4, -0.5, -0.6, 0.7, 0.8, 0.9]",-20.555237002307344,1572,414062,5937
1718719857.0830336,1.0,2.0,3.0,16:10:55,"[-0.1, -0.2, 0.3, 0.4, -0.5, -0.6, 0.7, 0.8, 0.9]",-20.5361166317641,1569,414062,5930
1718719857.6665142,1.0,2.0,3.0,16:10:56,"[-0.1, -0.2, 0.3, 0.4, -0.5, -0.6, 0.7, 0.8, 0.9]",-20.42735437111388,1571,414062,6006
1718719858.266386,1.0,2.0,3.0,16:10:56,"[-0.1, -0.2, 0.3, 0.4, -0.5, -0.6, 0.7, 0.8, 0.9]",-20.65184331901517,1571,414062,6006
1718719858.891605,1.0,2.0,3.0,16:10:57,"[-0.1, -0.2, 0.3, 0.4, -0.5, -0.6, 0.7, 0.8, 0.9]",-20.598599493828527,1575,414062,5975
1718719859.4710286,1.0,2.0,3.0,16:10:57,"[-0.1, -0.2, 0.3, 0.4, -0.5, -0.6, 0.7, 0.8, 0.9]",-20.569760207995408,1575,414062,5975
1718719860.0657122,1.0,2.0,3.0,16:10:58,"[-0.1, -0.2, 0.3, 0.4, -0.5, -0.6, 0.7, 0.8, 0.9]",-20.54105485189021,1567,414062,5952
1718719860.6731892,1.0,2.0,3.0,16:10:59,"[-0.1, -0.2, 0.3, 0.4, -0.5, -0.6, 0.7, 0.8, 0.9]",-20.608121474515066,1567,414062,5952
1718719861.2633677,1.0,2.0,3.0,16:10:59,"[-0.1, -0.2, 0.3, 0.4, -0.5, -0.6, 0.7, 0.8, 0.9]",-20.655377424526375,1567,414062,5952
1718719861.8665297,1.0,2.0,3.0,16:11:00,"[-0.1, -0.2, 0.3, 0.4, -0.5, -0.6, 0.7, 0.8, 0.9]",-20.402968454852445,1570,414062,5945
1718719862.4759104,1.0,2.0,3.0,16:11:00,"[-0.1, -0.2, 0.3, 0.4, -0.5, -0.6, 0.7, 0.8, 0.9]",-20.581648637657214,1570,414062,5945
1718719863.0868738,1.0,2.0,3.0,16:11:01,"[-0.1, -0.2, 0.3, 0.4, -0.5, -0.6, 0.7, 0.8, 0.9]",-20.65786286863763,1564,414062,5900
1718719863.6945097,1.0,2.0,3.0,16:11:02,"[-0.1, -0.2, 0.3, 0.4, -0.5, -0.6, 0.7, 0.8, 0.9]",-20.651625401866646,1564,414062,5900
1718719864.2901576,1.0,2.0,3.0,16:11:02,"[-0.1, -0.2, 0.3, 0.4, -0.5, -0.6, 0.7, 0.8, 0.9]",-20.536972730036833,1565,414062,5900
1718719864.9023223,1.0,2.0,3.0,16:11:03,"[-0.1, -0.2, 0.3, 0.4, -0.5, -0.6, 0.7, 0.8, 0.9]",-20.557493715060644,1563,414062,5884
1718719865.506996,1.0,2.0,3.0,16:11:03,"[-0.1, -0.2, 0.3, 0.4, -0.5, -0.6, 0.7, 0.8, 0.9]",-21.09454764550154,1563,414062,5884
1718719866.1156394,1.0,2.0,3.0,16:11:04,"[-0.1, -0.2, 0.3, 0.4, -0.5, -0.6, 0.7, 0.8, 0.9]",-21.109878304942313,1611,117187,22146
1718719866.7261279,1.0,2.0,3.0,16:11:05,"[-0.1, -0.2, 0.3, 0.4, -0.5, -0.6, 0.7, 0.8, 0.9]",-21.138852208664627,1611,117187,22146
1718719867.3237965,1.0,2.0,3.0,16:11:05,"[-0.1, -0.2, 0.3, 0.4, -0.5, -0.6, 0.7, 0.8, 0.9]",-21.07525016750629,1614,117187,22256
1718719867.93833,1.0,2.0,3.0,16:11:06,"[-0.1, -0.2, 0.3, 0.4, -0.5, -0.6, 0.7, 0.8, 0.9]",-21.034464746406158,1616,117187,22339
1718719868.563545,1.0,2.0,3.0,16:11:06,"[-0.1, -0.2, 0.3, 0.4, -0.5, -0.6, 0.7, 0.8, 0.9]",-21.01530017763546,1616,117187,22339
1718719869.1840115,1.0,2.0,3.0,16:11:07,"[-0.1, -0.2, 0.3, 0.4, -0.5, -0.6, 0.7, 0.8, 0.9]",-21.13688456407006,1619,117187,22367
1718719869.8021526,1.0,2.0,3.0,16:11:08,"[-0.1, -0.2, 0.3, 0.4, -0.5, -0.6, 0.7, 0.8, 0.9]",-21.105782563987834,1619,117187,22367
1718719870.4133887,1.0,2.0,3.0,16:11:08,"[-0.1, -0.2, 0.3, 0.4, -0.5, -0.6, 0.7, 0.8, 0.9]",-21.171890867045313,1616,117187,22256
1718719871.0215187,1.0,2.0,3.0,16:11:09,"[-0.1, -0.2, 0.3, 0.4, -0.5, -0.6, 0.7, 0.8, 0.9]",-21.00077088948549,1614,117187,22119
1718719871.6419568,1.0,2.0,3.0,16:11:09,"[-0.1, -0.2, 0.3, 0.4, -0.5, -0.6, 0.7, 0.8, 0.9]",-21.13460141608938,1614,117187,22119
1718719872.2537897,1.0,2.0,3.0,16:11:10,"[-0.1, -0.2, 0.3, 0.4, -0.5, -0.6, 0.7, 0.8, 0.9]",-21.10689527368043,1620,117187,22284
1718719872.8388433,1.0,2.0,3.0,16:11:11,"[-0.1, -0.2, 0.3, 0.4, -0.5, -0.6, 0.7, 0.8, 0.9]",-21.113186348101586,1620,117187,22284
1718719873.435603,1.0,2.0,3.0,16:11:12,"[-0.1, -0.2, 0.3, 0.4, -0.5, -0.6, 0.7, 0.8, 0.9]",-21.000923093903324,1617,117187,22339
1718719874.0364308,1.0,2.0,3.0,16:11:12,"[-0.1, -0.2, 0.3, 0.4, -0.5, -0.6, 0.7, 0.8, 0.9]",-21.089028508147667,1620,117187,22312
1718719874.6260114,1.0,2.0,3.0,16:11:13,"[-0.1, -0.2, 0.3, 0.4, -0.5, -0.6, 0.7, 0.8, 0.9]",-21.158688335895093,1620,117187,22312
1718719875.1467059,1.0,2.0,3.0,16:11:13,"[-0.1, -0.2, 0.3, 0.4, -0.5, -0.6, 0.7, 0.8, 0.9]",-25.250601512308215,1615,117187,22229
1718719875.6576757,1.0,2.0,3.0,16:11:14,"[-0.1, -0.2, 0.3, 0.4, -0.5, -0.6, 0.7, 0.8, 0.9]",-25.137306464076744,1412,1000000,1996
1718719876.1701376,1.0,2.0,3.0,16:11:14,"[-0.1, -0.2, 0.3, 0.4, -0.5, -0.6, 0.7, 0.8, 0.9]",-25.258452629551144,1412,1000000,1996
1718719876.685908,1.0,2.0,3.0,16:11:15,"[-0.1, -0.2, 0.3, 0.4, -0.5, -0.6, 0.7, 0.8, 0.9]",-25.252312065114168,1412,1000000,1996
1718719877.231275,1.0,2.0,3.0,16:11:15,"[-0.1, -0.2, 0.3, 0.4, -0.5, -0.6, 0.7, 0.8, 0.9]",-25.17996944695733,1414,1000000,1999
1718719877.7617502,1.0,2.0,3.0,16:11:16,"[-0.1, -0.2, 0.3, 0.4, -0.5, -0.6, 0.7, 0.8, 0.9]",-25.141270210673817,1414,1000000,1999
1718719878.284637,1.0,2.0,3.0,16:11:16,"[-0.1, -0.2, 0.3, 0.4, -0.5, -0.6, 0.7, 0.8, 0.9]",-25.3072630739957,1414,1000000,1999
1718719878.8175006,1.0,2.0,3.0,16:11:17,"[-0.1, -0.2, 0.3, 0.4, -0.5, -0.6, 0.7, 0.8, 0.9]",-25.418395628604358,1419,1000000,2022
1718719879.3415172,1.0,2.0,3.0,16:11:18,"[-0.1, -0.2, 0.3, 0.4, -0.5, -0.6, 0.7, 0.8, 0.9]",-25.217832618593945,1419,1000000,2022
1718719879.893624,1.0,2.0,3.0,16:11:18,"[-0.1, -0.2, 0.3, 0.4, -0.5, -0.6, 0.7, 0.8, 0.9]",-25.30128874639142,1419,1000000,2022
1718719880.4315732,1.0,2.0,3.0,16:11:19,"[-0.1, -0.2, 0.3, 0.4, -0.5, -0.6, 0.7, 0.8, 0.9]",-25.2029238930485,1411,1000000,1996
1718719880.9696026,1.0,2.0,3.0,16:11:19,"[-0.1, -0.2, 0.3, 0.4, -0.5, -0.6, 0.7, 0.8, 0.9]",-25.38610773156003,1411,1000000,1996
1718719881.4947143,1.0,2.0,3.0,16:11:20,"[-0.1, -0.2, 0.3, 0.4, -0.5, -0.6, 0.7, 0.8, 0.9]",-25.323195435711234,1411,1000000,1996
1718719882.011534,1.0,2.0,3.0,16:11:20,"[-0.1, -0.2, 0.3, 0.4, -0.5, -0.6, 0.7, 0.8, 0.9]",-25.230243242498105,1418,1000000,2005
1718719882.5298612,1.0,2.0,3.0,16:11:21,"[-0.1, -0.2, 0.3, 0.4, -0.5, -0.6, 0.7, 0.8, 0.9]",-25.331784246039632,1418,1000000,2005
1718719883.1140387,1.0,2.0,3.0,16:11:21,"[-0.1, -0.2, 0.3, 0.4, -0.5, -0.6, 0.7, 0.8, 0.9]",-25.25168970016449,1420,1000000,2022
1718719883.7222104,1.0,2.0,3.0,16:11:22,"[-0.1, -0.2, 0.3, 0.4, -0.5, -0.6, 0.7, 0.8, 0.9]",-25.33757422880911,1420,1000000,2022
1718719884.2984362,1.0,2.0,3.0,16:11:22,"[-0.1, -0.2, 0.3, 0.4, -0.5, -0.6, 0.7, 0.8, 0.9]",-25.235773969865832,1420,1000000,2022
1718719884.879812,1.0,2.0,3.0,16:11:23,"[-0.1, -0.2, 0.3, 0.4, -0.5, -0.6, 0.7, 0.8, 0.9]",-25.2174857636671,1418,1000000,2013
1718719885.4665718,1.0,2.0,3.0,16:11:23,"[-0.1, -0.2, 0.3, 0.4, -0.5, -0.6, 0.7, 0.8, 0.9]",-23.141967185637178,1418,1000000,2013
1718719886.0339112,1.0,2.0,3.0,16:11:24,"[-0.1, -0.2, 0.3, 0.4, -0.5, -0.6, 0.7, 0.8, 0.9]",-23.26951675135767,1315,1000000,1742
1718719886.6474473,1.0,2.0,3.0,16:11:25,"[-0.1, -0.2, 0.3, 0.4, -0.5, -0.6, 0.7, 0.8, 0.9]",-23.315059465703,1321,1000000,1750
1718719887.250644,1.0,2.0,3.0,16:11:25,"[-0.1, -0.2, 0.3, 0.4, -0.5, -0.6, 0.7, 0.8, 0.9]",-23.19149812780165,1321,1000000,1750
1718719887.8115249,1.0,2.0,3.0,16:11:26,"[-0.1, -0.2, 0.3, 0.4, -0.5, -0.6, 0.7, 0.8, 0.9]",-23.251095119790726,1319,1000000,1739
1718719888.419879,1.0,2.0,3.0,16:11:26,"[-0.1, -0.2, 0.3, 0.4, -0.5, -0.6, 0.7, 0.8, 0.9]",-23.220733281587833,1319,1000000,1739
1718719888.973638,1.0,2.0,3.0,16:11:27,"[-0.1, -0.2, 0.3, 0.4, -0.5, -0.6, 0.7, 0.8, 0.9]",-23.23251478831522,1319,1000000,1739
1718719889.5288303,1.0,2.0,3.0,16:11:28,"[-0.1, -0.2, 0.3, 0.4, -0.5, -0.6, 0.7, 0.8, 0.9]",-23.196413960842726,1314,1000000,1729
1718719890.0395358,1.0,2.0,3.0,16:11:28,"[-0.1, -0.2, 0.3, 0.4, -0.5, -0.6, 0.7, 0.8, 0.9]",-23.176266888136887,1314,1000000,1729
1718719890.5547256,1.0,2.0,3.0,16:11:29,"[-0.1, -0.2, 0.3, 0.4, -0.5, -0.6, 0.7, 0.8, 0.9]",-23.299396948016422,1314,1000000,1726
1718719891.1225822,1.0,2.0,3.0,16:11:29,"[-0.1, -0.2, 0.3, 0.4, -0.5, -0.6, 0.7, 0.8, 0.9]",-23.178568890873642,1319,1000000,1729
1718719891.6555436,1.0,2.0,3.0,16:11:30,"[-0.1, -0.2, 0.3, 0.4, -0.5, -0.6, 0.7, 0.8, 0.9]",-23.233471549459466,1319,1000000,1729
1718719892.1812122,1.0,2.0,3.0,16:11:30,"[-0.1, -0.2, 0.3, 0.4, -0.5, -0.6, 0.7, 0.8, 0.9]",-23.299324015742684,1320,1000000,1737
1718719892.6982243,1.0,2.0,3.0,16:11:31,"[-0.1, -0.2, 0.3, 0.4, -0.5, -0.6, 0.7, 0.8, 0.9]",-23.225652234800876,1320,1000000,1737
1718719893.2370808,1.0,2.0,3.0,16:11:31,"[-0.1, -0.2, 0.3, 0.4, -0.5, -0.6, 0.7, 0.8, 0.9]",-23.241832283762335,1320,1000000,1737
1718719893.7707472,1.0,2.0,3.0,16:11:32,"[-0.1, -0.2, 0.3, 0.4, -0.5, -0.6, 0.7, 0.8, 0.9]",-23.154990185617656,1322,1000000,1747
1718719894.344513,1.0,2.0,3.0,16:11:32,"[-0.1, -0.2, 0.3, 0.4, -0.5, -0.6, 0.7, 0.8, 0.9]",-23.258439903316535,1322,1000000,1747
1718719894.9052246,1.0,2.0,3.0,16:11:33,"[-0.1, -0.2, 0.3, 0.4, -0.5, -0.6, 0.7, 0.8, 0.9]",-23.258107718427176,1318,1000000,1729
1718719895.5329454,1.0,2.0,3.0,16:11:33,"[-0.1, -0.2, 0.3, 0.4, -0.5, -0.6, 0.7, 0.8, 0.9]",-21.29695598201654,1318,1000000,1729
1718719896.1526072,1.0,2.0,3.0,16:11:34,"[-0.1, -0.2, 0.3, 0.4, -0.5, -0.6, 0.7, 0.8, 0.9]",-21.491111396332396,1311,1000000,1731
1718719896.7728775,1.0,2.0,3.0,16:11:35,"[-0.1, -0.2, 0.3, 0.4, -0.5, -0.6, 0.7, 0.8, 0.9]",-21.377371344642274,515,1000000,265
1718719897.4084902,1.0,2.0,3.0,16:11:35,"[-0.1, -0.2, 0.3, 0.4, -0.5, -0.6, 0.7, 0.8, 0.9]",-21.271252723551406,515,1000000,265
1718719898.0403821,1.0,2.0,3.0,16:11:36,"[-0.1, -0.2, 0.3, 0.4, -0.5, -0.6, 0.7, 0.8, 0.9]",-21.33090900880366,531,1000000,287
1718719898.689476,1.0,2.0,3.0,16:11:36,"[-0.1, -0.2, 0.3, 0.4, -0.5, -0.6, 0.7, 0.8, 0.9]",-21.31988629327069,531,1000000,287
1718719899.3120635,1.0,2.0,3.0,16:11:37,"[-0.1, -0.2, 0.3, 0.4, -0.5, -0.6, 0.7, 0.8, 0.9]",-21.253779810879287,531,1000000,287
1718719899.953624,1.0,2.0,3.0,16:11:38,"[-0.1, -0.2, 0.3, 0.4, -0.5, -0.6, 0.7, 0.8, 0.9]",-21.298136830354437,520,1000000,279
1718719900.5951395,1.0,2.0,3.0,16:11:38,"[-0.1, -0.2, 0.3, 0.4, -0.5, -0.6, 0.7, 0.8, 0.9]",-21.17859557515846,532,1000000,295
1718719901.1707582,1.0,2.0,3.0,16:11:39,"[-0.1, -0.2, 0.3, 0.4, -0.5, -0.6, 0.7, 0.8, 0.9]",-21.288916252439257,532,1000000,295
1718719901.7891605,1.0,2.0,3.0,16:11:39,"[-0.1, -0.2, 0.3, 0.4, -0.5, -0.6, 0.7, 0.8, 0.9]",-21.486445242589784,532,1000000,295
1718719902.378991,1.0,2.0,3.0,16:11:40,"[-0.1, -0.2, 0.3, 0.4, -0.5, -0.6, 0.7, 0.8, 0.9]",-21.547011280868457,494,1000000,244
1718719902.941711,1.0,2.0,3.0,16:11:41,"[-0.1, -0.2, 0.3, 0.4, -0.5, -0.6, 0.7, 0.8, 0.9]",-21.481237195236154,494,1000000,244
1718719903.535617,1.0,2.0,3.0,16:11:41,"[-0.1, -0.2, 0.3, 0.4, -0.5, -0.6, 0.7, 0.8, 0.9]",-21.41073828147199,507,1000000,248
1718719904.1351717,1.0,2.0,3.0,16:11:42,"[-0.1, -0.2, 0.3, 0.4, -0.5, -0.6, 0.7, 0.8, 0.9]",-21.51196110831991,507,1000000,248
1718719904.7223518,1.0,2.0,3.0,16:11:43,"[-0.1, -0.2, 0.3, 0.4, -0.5, -0.6, 0.7, 0.8, 0.9]",-21.677974354306166,518,1000000,268
1718719905.3219035,1.0,2.0,3.0,16:11:43,"[-0.1, -0.2, 0.3, 0.4, -0.5, -0.6, 0.7, 0.8, 0.9]",-20.75894662388036,524,1000000,267
1718719905.9447296,1.0,2.0,3.0,16:11:44,"[-0.1, -0.2, 0.3, 0.4, -0.5, -0.6, 0.7, 0.8, 0.9]",-20.767407685457904,524,1000000,267
1718719906.5478485,1.0,2.0,3.0,16:11:45,"[-0.1, -0.2, 0.3, 0.4, -0.5, -0.6, 0.7, 0.8, 0.9]",-20.71183348490954,1399,1000000,1957
1718719907.1217856,1.0,2.0,3.0,16:11:45,"[-0.1, -0.2, 0.3, 0.4, -0.5, -0.6, 0.7, 0.8, 0.9]",-20.714876074347373,1399,1000000,1957
1718719907.7474644,1.0,2.0,3.0,16:11:46,"[-0.1, -0.2, 0.3, 0.4, -0.5, -0.6, 0.7, 0.8, 0.9]",-20.695147335263023,1401,1000000,1971
1718719908.3474534,1.0,2.0,3.0,16:11:46,"[-0.1, -0.2, 0.3, 0.4, -0.5, -0.6, 0.7, 0.8, 0.9]",-20.561541514527768,1399,1000000,1965
1718719908.928909,1.0,2.0,3.0,16:11:47,"[-0.1, -0.2, 0.3, 0.4, -0.5, -0.6, 0.7, 0.8, 0.9]",-20.514792909588998,1399,1000000,1965
1718719909.5244048,1.0,2.0,3.0,16:11:48,"[-0.1, -0.2, 0.3, 0.4, -0.5, -0.6, 0.7, 0.8, 0.9]",-20.907457869474765,1390,1000000,1932
1718719910.1359258,1.0,2.0,3.0,16:11:48,"[-0.1, -0.2, 0.3, 0.4, -0.5, -0.6, 0.7, 0.8, 0.9]",-20.649681754149604,1390,1000000,1932
1718719910.7450042,1.0,2.0,3.0,16:11:49,"[-0.1, -0.2, 0.3, 0.4, -0.5, -0.6, 0.7, 0.8, 0.9]",-20.747709231060885,1390,1000000,1932
1718719911.3393934,1.0,2.0,3.0,16:11:49,"[-0.1, -0.2, 0.3, 0.4, -0.5, -0.6, 0.7, 0.8, 0.9]",-20.731679552482845,1402,1000000,1965
1718719911.9417746,1.0,2.0,3.0,16:11:50,"[-0.1, -0.2, 0.3, 0.4, -0.5, -0.6, 0.7, 0.8, 0.9]",-20.634183130986045,1402,1000000,1965
1718719912.533681,1.0,2.0,3.0,16:11:51,"[-0.1, -0.2, 0.3, 0.4, -0.5, -0.6, 0.7, 0.8, 0.9]",-20.70409003914429,1400,1000000,1968
1718719913.134908,1.0,2.0,3.0,16:11:51,"[-0.1, -0.2, 0.3, 0.4, -0.5, -0.6, 0.7, 0.8, 0.9]",-20.657511890586854,1400,1000000,1968
1718719913.706626,1.0,2.0,3.0,16:11:52,"[-0.1, -0.2, 0.3, 0.4, -0.5, -0.6, 0.7, 0.8, 0.9]",-20.647259343160865,1382,1000000,1926
1718719914.3103786,1.0,2.0,3.0,16:11:52,"[-0.1, -0.2, 0.3, 0.4, -0.5, -0.6, 0.7, 0.8, 0.9]",-20.640921617553687,1389,1000000,1929
1718719914.9253538,1.0,2.0,3.0,16:11:53,"[-0.1, -0.2, 0.3, 0.4, -0.5, -0.6, 0.7, 0.8, 0.9]",-20.681487624678205,1389,1000000,1929
1718719915.4319196,1.0,2.0,3.0,16:11:54,"[-0.1, -0.2, 0.3, 0.4, -0.5, -0.6, 0.7, 0.8, 0.9]",-32.86788910138597,105,1000000,11
1718719915.9535103,1.0,2.0,3.0,16:11:54,"[-0.1, -0.2, 0.3, 0.4, -0.5, -0.6, 0.7, 0.8, 0.9]",-33.03630496811984,105,1000000,11
1718719916.5058715,1.0,2.0,3.0,16:11:55,"[-0.1, -0.2, 0.3, 0.4, -0.5, -0.6, 0.7, 0.8, 0.9]",-32.918885946263956,105,1000000,11
1718719917.0513272,1.0,2.0,3.0,16:11:55,"[-0.1, -0.2, 0.3, 0.4, -0.5, -0.6, 0.7, 0.8, 0.9]",-32.54631477645083,111,1000000,12
1718719917.582843,1.0,2.0,3.0,16:11:56,"[-0.1, -0.2, 0.3, 0.4, -0.5, -0.6, 0.7, 0.8, 0.9]",-33.071059943465535,111,1000000,12
1718719918.1059422,1.0,2.0,3.0,16:11:56,"[-0.1, -0.2, 0.3, 0.4, -0.5, -0.6, 0.7, 0.8, 0.9]",-32.93349924400055,111,1000000,12
1718719918.6599178,1.0,2.0,3.0,16:11:57,"[-0.1, -0.2, 0.3, 0.4, -0.5, -0.6, 0.7, 0.8, 0.9]",-32.936534089045324,111,1000000,12
1718719919.2196598,1.0,2.0,3.0,16:11:57,"[-0.1, -0.2, 0.3, 0.4, -0.5, -0.6, 0.7, 0.8, 0.9]",-33.065361691442874,108,1000000,11
1718719919.7439485,1.0,2.0,3.0,16:11:58,"[-0.1, -0.2, 0.3, 0.4, -0.5, -0.6, 0.7, 0.8, 0.9]",-32.66259527792941,108,1000000,11
1718719920.271941,1.0,2.0,3.0,16:11:58,"[-0.1, -0.2, 0.3, 0.4, -0.5, -0.6, 0.7, 0.8, 0.9]",-32.943935344067434,108,1000000,11
1718719920.8238547,1.0,2.0,3.0,16:11:59,"[-0.1, -0.2, 0.3, 0.4, -0.5, -0.6, 0.7, 0.8, 0.9]",-32.80391751139958,107,1000000,11
1718719921.3539767,1.0,2.0,3.0,16:11:59,"[-0.1, -0.2, 0.3, 0.4, -0.5, -0.6, 0.7, 0.8, 0.9]",-32.64701016822124,107,1000000,11
1718719921.9225707,1.0,2.0,3.0,16:12:00,"[-0.1, -0.2, 0.3, 0.4, -0.5, -0.6, 0.7, 0.8, 0.9]",-32.75566884914624,107,1000000,11
1718719922.458113,1.0,2.0,3.0,16:12:00,"[-0.1, -0.2, 0.3, 0.4, -0.5, -0.6, 0.7, 0.8, 0.9]",-32.600232327566054,108,1000000,11
1718719922.9834023,1.0,2.0,3.0,16:12:01,"[-0.1, -0.2, 0.3, 0.4, -0.5, -0.6, 0.7, 0.8, 0.9]",-32.77859468045932,108,1000000,11
1718719923.5423715,1.0,2.0,3.0,16:12:01,"[-0.1, -0.2, 0.3, 0.4, -0.5, -0.6, 0.7, 0.8, 0.9]",-32.796464413865664,109,1000000,11
1718719924.0604901,1.0,2.0,3.0,16:12:02,"[-0.1, -0.2, 0.3, 0.4, -0.5, -0.6, 0.7, 0.8, 0.9]",-33.00829408566234,107,1000000,11
1718719924.601817,1.0,2.0,3.0,16:12:03,"[-0.1, -0.2, 0.3, 0.4, -0.5, -0.6, 0.7, 0.8, 0.9]",-32.89477876706289,107,1000000,11
1718719925.1356564,1.0,2.0,3.0,16:12:03,"[-0.1, -0.2, 0.3, 0.4, -0.5, -0.6, 0.7, 0.8, 0.9]",-29.61773352123523,108,1000000,11
1718719925.6746447,1.0,2.0,3.0,16:12:04,"[-0.1, -0.2, 0.3, 0.4, -0.5, -0.6, 0.7, 0.8, 0.9]",-29.6590798335139,108,1000000,11
1718719926.2189682,1.0,2.0,3.0,16:12:04,"[-0.1, -0.2, 0.3, 0.4, -0.5, -0.6, 0.7, 0.8, 0.9]",-29.47770028331731,108,1000000,11
1718719926.776028,1.0,2.0,3.0,16:12:05,"[-0.1, -0.2, 0.3, 0.4, -0.5, -0.6, 0.7, 0.8, 0.9]",-29.288266253186784,789,1000000,633
1718719927.3277276,1.0,2.0,3.0,16:12:05,"[-0.1, -0.2, 0.3, 0.4, -0.5, -0.6, 0.7, 0.8, 0.9]",-29.29714116829053,789,1000000,633
1718719927.8919532,1.0,2.0,3.0,16:12:06,"[-0.1, -0.2, 0.3, 0.4, -0.5, -0.6, 0.7, 0.8, 0.9]",-29.024908313848016,789,1000000,633
1718719928.4524417,1.0,2.0,3.0,16:12:06,"[-0.1, -0.2, 0.3, 0.4, -0.5, -0.6, 0.7, 0.8, 0.9]",-29.76750738939424,782,1000000,613
1718719929.012309,1.0,2.0,3.0,16:12:07,"[-0.1, -0.2, 0.3, 0.4, -0.5, -0.6, 0.7, 0.8, 0.9]",-29.687810605476564,782,1000000,613
1718719929.544603,1.0,2.0,3.0,16:12:07,"[-0.1, -0.2, 0.3, 0.4, -0.5, -0.6, 0.7, 0.8, 0.9]",-29.56347487550493,798,1000000,632
1718719930.131043,1.0,2.0,3.0,16:12:08,"[-0.1, -0.2, 0.3, 0.4, -0.5, -0.6, 0.7, 0.8, 0.9]",-29.454581009987407,796,1000000,633
1718719930.6982348,1.0,2.0,3.0,16:12:08,"[-0.1, -0.2, 0.3, 0.4, -0.5, -0.6, 0.7, 0.8, 0.9]",-29.27577340393941,796,1000000,633
1718719931.238635,1.0,2.0,3.0,16:12:09,"[-0.1, -0.2, 0.3, 0.4, -0.5, -0.6, 0.7, 0.8, 0.9]",-29.275786208060474,799,1000000,635
1718719931.7910597,1.0,2.0,3.0,16:12:10,"[-0.1, -0.2, 0.3, 0.4, -0.5, -0.6, 0.7, 0.8, 0.9]",-29.249009461111072,799,1000000,635
1718719932.3377028,1.0,2.0,3.0,16:12:10,"[-0.1, -0.2, 0.3, 0.4, -0.5, -0.6, 0.7, 0.8, 0.9]",-29.261728210584423,799,1000000,635
1718719932.887621,1.0,2.0,3.0,16:12:11,"[-0.1, -0.2, 0.3, 0.4, -0.5, -0.6, 0.7, 0.8, 0.9]",-29.641019777222965,792,1000000,635
1718719933.4189005,1.0,2.0,3.0,16:12:12,"[-0.1, -0.2, 0.3, 0.4, -0.5, -0.6, 0.7, 0.8, 0.9]",-29.552249346158476,792,1000000,635
1718719933.945952,1.0,2.0,3.0,16:12:12,"[-0.1, -0.2, 0.3, 0.4, -0.5, -0.6, 0.7, 0.8, 0.9]",-29.54581773564761,792,1000000,627
1718719934.506652,1.0,2.0,3.0,16:12:13,"[-0.1, -0.2, 0.3, 0.4, -0.5, -0.6, 0.7, 0.8, 0.9]",-29.52783924755073,797,1000000,630
1718719935.0657785,1.0,2.0,3.0,16:12:13,"[-0.1, -0.2, 0.3, 0.4, -0.5, -0.6, 0.7, 0.8, 0.9]",-29.40956474217279,797,1000000,630
1718719935.6850584,1.0,2.0,3.0,16:12:14,"[-0.1, -0.2, 0.3, 0.4, -0.5, -0.6, 0.7, 0.8, 0.9]",-21.38061663803674,789,1000000,625
1718719936.300247,1.0,2.0,3.0,16:12:14,"[-0.1, -0.2, 0.3, 0.4, -0.5, -0.6, 0.7, 0.8, 0.9]",-21.306293887210725,831,1000000,675
1718719936.8992195,1.0,2.0,3.0,16:12:15,"[-0.1, -0.2, 0.3, 0.4, -0.5, -0.6, 0.7, 0.8, 0.9]",-21.346761575040745,831,1000000,675
1718719937.5055664,1.0,2.0,3.0,16:12:16,"[-0.1, -0.2, 0.3, 0.4, -0.5, -0.6, 0.7, 0.8, 0.9]",-21.375945570047733,822,1000000,682
1718719938.1235092,1.0,2.0,3.0,16:12:16,"[-0.1, -0.2, 0.3, 0.4, -0.5, -0.6, 0.7, 0.8, 0.9]",-21.33342522593101,811,1000000,683
1718719938.7201703,1.0,2.0,3.0,16:12:17,"[-0.1, -0.2, 0.3, 0.4, -0.5, -0.6, 0.7, 0.8, 0.9]",-21.380236268431325,811,1000000,683
1718719939.3713803,1.0,2.0,3.0,16:12:17,"[-0.1, -0.2, 0.3, 0.4, -0.5, -0.6, 0.7, 0.8, 0.9]",-21.368404557595518,811,1000000,683
1718719940.0275161,1.0,2.0,3.0,16:12:18,"[-0.1, -0.2, 0.3, 0.4, -0.5, -0.6, 0.7, 0.8, 0.9]",-21.406054386931128,814,1000000,662
1718719940.6149993,1.0,2.0,3.0,16:12:19,"[-0.1, -0.2, 0.3, 0.4, -0.5, -0.6, 0.7, 0.8, 0.9]",-21.33756038053983,814,1000000,662
1718719941.247811,1.0,2.0,3.0,16:12:19,"[-0.1, -0.2, 0.3, 0.4, -0.5, -0.6, 0.7, 0.8, 0.9]",-21.45591841433467,813,1000000,656
1718719941.8700535,1.0,2.0,3.0,16:12:20,"[-0.1, -0.2, 0.3, 0.4, -0.5, -0.6, 0.7, 0.8, 0.9]",-21.294389985589135,813,1000000,656
1718719942.472844,1.0,2.0,3.0,16:12:20,"[-0.1, -0.2, 0.3, 0.4, -0.5, -0.6, 0.7, 0.8, 0.9]",-21.346494489370066,813,1000000,656
1718719943.1012948,1.0,2.0,3.0,16:12:21,"[-0.1, -0.2, 0.3, 0.4, -0.5, -0.6, 0.7, 0.8, 0.9]",-21.48007646915074,815,1000000,656
1718719943.6992605,1.0,2.0,3.0,16:12:22,"[-0.1, -0.2, 0.3, 0.4, -0.5, -0.6, 0.7, 0.8, 0.9]",-21.44046861870104,815,1000000,656
1718719944.3143244,1.0,2.0,3.0,16:12:22,"[-0.1, -0.2, 0.3, 0.4, -0.5, -0.6, 0.7, 0.8, 0.9]",-21.33894130456418,821,1000000,670
1718719944.9485457,1.0,2.0,3.0,16:12:23,"[-0.1, -0.2, 0.3, 0.4, -0.5, -0.6, 0.7, 0.8, 0.9]",-21.43406082434753,821,1000000,670
1718719945.574174,1.0,2.0,3.0,16:12:24,"[-0.1, -0.2, 0.3, 0.4, -0.5, -0.6, 0.7, 0.8, 0.9]",-20.931086716945146,594,1000000,352
1718719946.1725104,1.0,2.0,3.0,16:12:24,"[-0.1, -0.2, 0.3, 0.4, -0.5, -0.6, 0.7, 0.8, 0.9]",-21.009116016501412,594,1000000,352
1718719946.8217263,1.0,2.0,3.0,16:12:25,"[-0.1, -0.2, 0.3, 0.4, -0.5, -0.6, 0.7, 0.8, 0.9]",-21.068468124386627,591,1000000,349
1718719947.44064,1.0,2.0,3.0,16:12:25,"[-0.1, -0.2, 0.3, 0.4, -0.5, -0.6, 0.7, 0.8, 0.9]",-21.08710318823836,590,1000000,348
1718719948.0799484,1.0,2.0,3.0,16:12:26,"[-0.1, -0.2, 0.3, 0.4, -0.5, -0.6, 0.7, 0.8, 0.9]",-21.061215653567405,590,1000000,348
1718719948.6901846,1.0,2.0,3.0,16:12:27,"[-0.1, -0.2, 0.3, 0.4, -0.5, -0.6, 0.7, 0.8, 0.9]",-21.012852420252717,591,1000000,344
1718719949.2934937,1.0,2.0,3.0,16:12:27,"[-0.1, -0.2, 0.3, 0.4, -0.5, -0.6, 0.7, 0.8, 0.9]",-20.94046450718121,591,1000000,344
1718719949.935414,1.0,2.0,3.0,16:12:28,"[-0.1, -0.2, 0.3, 0.4, -0.5, -0.6, 0.7, 0.8, 0.9]",-21.04283972630587,600,1000000,362
1718719950.5582242,1.0,2.0,3.0,16:12:28,"[-0.1, -0.2, 0.3, 0.4, -0.5, -0.6, 0.7, 0.8, 0.9]",-20.95311321336929,588,1000000,345
1718719951.1876767,1.0,2.0,3.0,16:12:29,"[-0.1, -0.2, 0.3, 0.4, -0.5, -0.6, 0.7, 0.8, 0.9]",-20.916141112537016,588,1000000,345
1718719951.772361,1.0,2.0,3.0,16:12:30,"[-0.1, -0.2, 0.3, 0.4, -0.5, -0.6, 0.7, 0.8, 0.9]",-20.91530651954272,597,1000000,356
1718719952.3631988,1.0,2.0,3.0,16:12:30,"[-0.1, -0.2, 0.3, 0.4, -0.5, -0.6, 0.7, 0.8, 0.9]",-20.909753705352863,597,1000000,356
1718719952.983129,1.0,2.0,3.0,16:12:31,"[-0.1, -0.2, 0.3, 0.4, -0.5, -0.6, 0.7, 0.8, 0.9]",-20.86942299178421,594,1000000,351
1718719953.585296,1.0,2.0,3.0,16:12:31,"[-0.1, -0.2, 0.3, 0.4, -0.5, -0.6, 0.7, 0.8, 0.9]",-20.897227210705847,594,1000000,351
1718719954.2160244,1.0,2.0,3.0,16:12:32,"[-0.1, -0.2, 0.3, 0.4, -0.5, -0.6, 0.7, 0.8, 0.9]",-20.982569036900426,595,1000000,354
1718719954.8447995,1.0,2.0,3.0,16:12:33,"[-0.1, -0.2, 0.3, 0.4, -0.5, -0.6, 0.7, 0.8, 0.9]",-20.96962305569969,605,1000000,367
1718719955.3908093,1.0,2.0,3.0,16:12:33,"[-0.1, -0.2, 0.3, 0.4, -0.5, -0.6, 0.7, 0.8, 0.9]",-28.009979404297972,605,1000000,367
1718719955.938024,1.0,2.0,3.0,16:12:34,"[-0.1, -0.2, 0.3, 0.4, -0.5, -0.6, 0.7, 0.8, 0.9]",-27.920716726092962,55,1000000,3
1718719956.517406,1.0,2.0,3.0,16:12:34,"[-0.1, -0.2, 0.3, 0.4, -0.5, -0.6, 0.7, 0.8, 0.9]",-28.031376488242884,55,1000000,3
1718719957.153968,1.0,2.0,3.0,16:12:35,"[-0.1, -0.2, 0.3, 0.4, -0.5, -0.6, 0.7, 0.8, 0.9]",-27.996799912776062,55,1000000,3
1718719957.732558,1.0,2.0,3.0,16:12:36,"[-0.1, -0.2, 0.3, 0.4, -0.5, -0.6, 0.7, 0.8, 0.9]",-27.982391056025463,55,1000000,3
1718719958.3243241,1.0,2.0,3.0,16:12:36,"[-0.1, -0.2, 0.3, 0.4, -0.5, -0.6, 0.7, 0.8, 0.9]",-28.017358306556147,55,1000000,3
1718719958.8974664,1.0,2.0,3.0,16:12:37,"[-0.1, -0.2, 0.3, 0.4, -0.5, -0.6, 0.7, 0.8, 0.9]",-27.968693543416528,55,1000000,3
1718719959.4545825,1.0,2.0,3.0,16:12:37,"[-0.1, -0.2, 0.3, 0.4, -0.5, -0.6, 0.7, 0.8, 0.9]",-28.1909440992524,55,1000000,3
1718719960.0061085,1.0,2.0,3.0,16:12:38,"[-0.1, -0.2, 0.3, 0.4, -0.5, -0.6, 0.7, 0.8, 0.9]",-27.982311418993888,55,1000000,3
1718719960.5456023,1.0,2.0,3.0,16:12:38,"[-0.1, -0.2, 0.3, 0.4, -0.5, -0.6, 0.7, 0.8, 0.9]",-28.048523000229018,55,1000000,3
1718719961.0707679,1.0,2.0,3.0,16:12:39,"[-0.1, -0.2, 0.3, 0.4, -0.5, -0.6, 0.7, 0.8, 0.9]",-28.092986573097924,55,1000000,3
1718719961.6232271,1.0,2.0,3.0,16:12:39,"[-0.1, -0.2, 0.3, 0.4, -0.5, -0.6, 0.7, 0.8, 0.9]",-28.147076737786513,55,1000000,3
1718719962.1841383,1.0,2.0,3.0,16:12:40,"[-0.1, -0.2, 0.3, 0.4, -0.5, -0.6, 0.7, 0.8, 0.9]",-28.492773828062504,56,1000000,3
1718719962.7306585,1.0,2.0,3.0,16:12:41,"[-0.1, -0.2, 0.3, 0.4, -0.5, -0.6, 0.7, 0.8, 0.9]",-30.080190067888637,62,1000000,3
1718719963.32567,1.0,2.0,3.0,16:12:41,"[-0.1, -0.2, 0.3, 0.4, -0.5, -0.6, 0.7, 0.8, 0.9]",-30.09781093916977,62,1000000,3
1718719963.8555396,1.0,2.0,3.0,16:12:42,"[-0.1, -0.2, 0.3, 0.4, -0.5, -0.6, 0.7, 0.8, 0.9]",-29.03395606696965,62,1000000,3
1718719964.37688,1.0,2.0,3.0,16:12:43,"[-0.1, -0.2, 0.3, 0.4, -0.5, -0.6, 0.7, 0.8, 0.9]",-29.297604744866092,59,1000000,3
1718719964.9287608,1.0,2.0,3.0,16:12:43,"[-0.1, -0.2, 0.3, 0.4, -0.5, -0.6, 0.7, 0.8, 0.9]",-29.2699568247714,59,1000000,3
1718719965.55172,1.0,2.0,3.0,16:12:44,"[-0.1, -0.2, 0.3, 0.4, -0.5, -0.6, 0.7, 0.8, 0.9]",-19.67583030352237,59,1000000,3
1718719966.141812,1.0,2.0,3.0,16:12:44,"[-0.1, -0.2, 0.3, 0.4, -0.5, -0.6, 0.7, 0.8, 0.9]",-19.757870805004877,1109,1000000,1225
1718719966.7392595,1.0,2.0,3.0,16:12:45,"[-0.1, -0.2, 0.3, 0.4, -0.5, -0.6, 0.7, 0.8, 0.9]",-19.69713368917697,1109,1000000,1225
1718719967.3675592,1.0,2.0,3.0,16:12:45,"[-0.1, -0.2, 0.3, 0.4, -0.5, -0.6, 0.7, 0.8, 0.9]",-19.694692059510782,1100,1000000,1203
1718719967.9802442,1.0,2.0,3.0,16:12:46,"[-0.1, -0.2, 0.3, 0.4, -0.5, -0.6, 0.7, 0.8, 0.9]",-19.717517916376526,1100,1000000,1203
1718719968.5892892,1.0,2.0,3.0,16:12:47,"[-0.1, -0.2, 0.3, 0.4, -0.5, -0.6, 0.7, 0.8, 0.9]",-19.6876460337686,1150,1000000,1313
1718719969.176701,1.0,2.0,3.0,16:12:47,"[-0.1, -0.2, 0.3, 0.4, -0.5, -0.6, 0.7, 0.8, 0.9]",-19.69324701448242,1164,1000000,1354
1718719969.8045645,1.0,2.0,3.0,16:12:48,"[-0.1, -0.2, 0.3, 0.4, -0.5, -0.6, 0.7, 0.8, 0.9]",-19.52413590801377,1164,1000000,1354
1718719970.4121966,1.0,2.0,3.0,16:12:48,"[-0.1, -0.2, 0.3, 0.4, -0.5, -0.6, 0.7, 0.8, 0.9]",-19.630404828197744,1155,1000000,1336
1718719971.0383372,1.0,2.0,3.0,16:12:49,"[-0.1, -0.2, 0.3, 0.4, -0.5, -0.6, 0.7, 0.8, 0.9]",-19.65549670774447,1155,1000000,1336
1718719971.626754,1.0,2.0,3.0,16:12:50,"[-0.1, -0.2, 0.3, 0.4, -0.5, -0.6, 0.7, 0.8, 0.9]",-19.49764724665843,1130,1000000,1276
1718719972.2726202,1.0,2.0,3.0,16:12:50,"[-0.1, -0.2, 0.3, 0.4, -0.5, -0.6, 0.7, 0.8, 0.9]",-19.586579151382054,1111,1000000,1240
1718719972.8816497,1.0,2.0,3.0,16:12:51,"[-0.1, -0.2, 0.3, 0.4, -0.5, -0.6, 0.7, 0.8, 0.9]",-19.46971739160082,1111,1000000,1240
1718719973.4975834,1.0,2.0,3.0,16:12:51,"[-0.1, -0.2, 0.3, 0.4, -0.5, -0.6, 0.7, 0.8, 0.9]",-19.624195616068818,1124,1000000,1263
1718719974.1043768,1.0,2.0,3.0,16:12:52,"[-0.1, -0.2, 0.3, 0.4, -0.5, -0.6, 0.7, 0.8, 0.9]",-19.61432753944517,1124,1000000,1263
1718719974.703296,1.0,2.0,3.0,16:12:53,"[-0.1, -0.2, 0.3, 0.4, -0.5, -0.6, 0.7, 0.8, 0.9]",-19.442303744662436,1134,1000000,1295
1718719975.3468666,1.0,2.0,3.0,16:12:53,"[-0.1, -0.2, 0.3, 0.4, -0.5, -0.6, 0.7, 0.8, 0.9]",-15.782121490315937,1102,1000000,1205
1718719975.9442472,1.0,2.0,3.0,16:12:54,"[-0.1, -0.2, 0.3, 0.4, -0.5, -0.6, 0.7, 0.8, 0.9]",-15.647640037369474,1102,1000000,1205
1718719976.548379,1.0,2.0,3.0,16:12:54,"[-0.1, -0.2, 0.3, 0.4, -0.5, -0.6, 0.7, 0.8, 0.9]",-15.726894955819517,1275,1000000,1620
1718719977.174912,1.0,2.0,3.0,16:12:55,"[-0.1, -0.2, 0.3, 0.4, -0.5, -0.6, 0.7, 0.8, 0.9]",-15.829911296036233,1275,1000000,1620
1718719977.787483,1.0,2.0,3.0,16:12:56,"[-0.1, -0.2, 0.3, 0.4, -0.5, -0.6, 0.7, 0.8, 0.9]",-15.81233136016687,1276,1000000,1607
1718719978.4005868,1.0,2.0,3.0,16:12:56,"[-0.1, -0.2, 0.3, 0.4, -0.5, -0.6, 0.7, 0.8, 0.9]",-15.908370939322502,1276,1000000,1607
1718719978.9877288,1.0,2.0,3.0,16:12:57,"[-0.1, -0.2, 0.3, 0.4, -0.5, -0.6, 0.7, 0.8, 0.9]",-15.63478171276174,1253,1000000,1532
1718719979.5854144,1.0,2.0,3.0,16:12:57,"[-0.1, -0.2, 0.3, 0.4, -0.5, -0.6, 0.7, 0.8, 0.9]",-15.855923295856165,1245,1000000,1525
1718719980.1942165,1.0,2.0,3.0,16:12:58,"[-0.1, -0.2, 0.3, 0.4, -0.5, -0.6, 0.7, 0.8, 0.9]",-15.654939925972343,1245,1000000,1525
1718719980.8182487,1.0,2.0,3.0,16:12:59,"[-0.1, -0.2, 0.3, 0.4, -0.5, -0.6, 0.7, 0.8, 0.9]",-15.988020825656424,1224,1000000,1522
1718719981.446934,1.0,2.0,3.0,16:12:59,"[-0.1, -0.2, 0.3, 0.4, -0.5, -0.6, 0.7, 0.8, 0.9]",-16.027039367117,1224,1000000,1522
1718719982.065382,1.0,2.0,3.0,16:13:00,"[-0.1, -0.2, 0.3, 0.4, -0.5, -0.6, 0.7, 0.8, 0.9]",-15.888778685337002,1233,1000000,1527
1718719982.659087,1.0,2.0,3.0,16:13:00,"[-0.1, -0.2, 0.3, 0.4, -0.5, -0.6, 0.7, 0.8, 0.9]",-15.93838604607932,1233,1000000,1527
1718719983.28002,1.0,2.0,3.0,16:13:01,"[-0.1, -0.2, 0.3, 0.4, -0.5, -0.6, 0.7, 0.8, 0.9]",-15.824846144218341,1227,1000000,1512
1718719983.9175036,1.0,2.0,3.0,16:13:02,"[-0.1, -0.2, 0.3, 0.4, -0.5, -0.6, 0.7, 0.8, 0.9]",-15.902654066911467,1227,1000000,1512
1718719984.5502377,1.0,2.0,3.0,16:13:02,"[-0.1, -0.2, 0.3, 0.4, -0.5, -0.6, 0.7, 0.8, 0.9]",-15.973528280023771,1223,1000000,1503
1718719985.090067,1.0,2.0,3.0,16:13:03,"[-0.1, -0.2, 0.3, 0.4, -0.5, -0.6, 0.7, 0.8, 0.9]",-16.447072885214475,1223,1000000,1503
1718719985.639272,1.0,2.0,3.0,16:13:03,"[-0.1, -0.2, 0.3, 0.4, -0.5, -0.6, 0.7, 0.8, 0.9]",-29.937452134711947,1223,1000000,1503
1718719986.235653,1.0,2.0,3.0,16:13:04,"[-0.1, -0.2, 0.3, 0.4, -0.5, -0.6, 0.7, 0.8, 0.9]",-30.311551796745192,234,1000000,52
1718719986.848573,1.0,2.0,3.0,16:13:05,"[-0.1, -0.2, 0.3, 0.4, -0.5, -0.6, 0.7, 0.8, 0.9]",-30.38140353086512,234,1000000,52
1718719987.41378,1.0,2.0,3.0,16:13:05,"[-0.1, -0.2, 0.3, 0.4, -0.5, -0.6, 0.7, 0.8, 0.9]",-30.244118612341268,203,1000000,43
1718719987.9812715,1.0,2.0,3.0,16:13:06,"[-0.1, -0.2, 0.3, 0.4, -0.5, -0.6, 0.7, 0.8, 0.9]",-30.491246860265875,203,1000000,43
1718719988.53469,1.0,2.0,3.0,16:13:06,"[-0.1, -0.2, 0.3, 0.4, -0.5, -0.6, 0.7, 0.8, 0.9]",-30.372973415279596,203,1000000,43
1718719989.0830371,1.0,2.0,3.0,16:13:07,"[-0.1, -0.2, 0.3, 0.4, -0.5, -0.6, 0.7, 0.8, 0.9]",-30.346627329937228,204,1000000,42
1718719989.6509624,1.0,2.0,3.0,16:13:07,"[-0.1, -0.2, 0.3, 0.4, -0.5, -0.6, 0.7, 0.8, 0.9]",-30.07487060847464,204,1000000,42
1718719990.198799,1.0,2.0,3.0,16:13:08,"[-0.1, -0.2, 0.3, 0.4, -0.5, -0.6, 0.7, 0.8, 0.9]",-29.772662229527235,227,1000000,48
1718719990.7339866,1.0,2.0,3.0,16:13:09,"[-0.1, -0.2, 0.3, 0.4, -0.5, -0.6, 0.7, 0.8, 0.9]",-31.073305876516727,284,1000000,81
1718719991.308005,1.0,2.0,3.0,16:13:10,"[-0.1, -0.2, 0.3, 0.4, -0.5, -0.6, 0.7, 0.8, 0.9]",-30.596091034189698,284,1000000,81
1718719991.8493505,1.0,2.0,3.0,16:13:10,"[-0.1, -0.2, 0.3, 0.4, -0.5, -0.6, 0.7, 0.8, 0.9]",-30.471909180202907,245,1000000,57
1718719992.415323,1.0,2.0,3.0,16:13:11,"[-0.1, -0.2, 0.3, 0.4, -0.5, -0.6, 0.7, 0.8, 0.9]",-30.49173834216254,265,1000000,69
1718719992.9563565,1.0,2.0,3.0,16:13:11,"[-0.1, -0.2, 0.3, 0.4, -0.5, -0.6, 0.7, 0.8, 0.9]",-30.380409909499512,265,1000000,69
1718719993.473679,1.0,2.0,3.0,16:13:12,"[-0.1, -0.2, 0.3, 0.4, -0.5, -0.6, 0.7, 0.8, 0.9]",-30.343587495557514,267,1000000,70
1718719994.0151877,1.0,2.0,3.0,16:13:12,"[-0.1, -0.2, 0.3, 0.4, -0.5, -0.6, 0.7, 0.8, 0.9]",-30.339590231499542,267,1000000,70
1718719994.5820198,1.0,2.0,3.0,16:13:13,"[-0.1, -0.2, 0.3, 0.4, -0.5, -0.6, 0.7, 0.8, 0.9]",-30.775812513639316,267,1000000,70
1718719995.0993154,1.0,2.0,3.0,16:13:13,"[-0.1, -0.2, 0.3, 0.4, -0.5, -0.6, 0.7, 0.8, 0.9]",-27.42991188559308,267,1000000,70
