timestamp,x,y,z,utc,rm,dbm,buffer_voltage_mv,resistance,pwr_nw
1719407610.4692378,1.0,2.0,3.0,15:13:27,"[-0.1, -0.2, 0.3, 0.4, -0.5, -0.6, 0.7, 0.8, 0.9]",-30.603407087530023,745,1000000,556
1719407611.0817995,1.0,2.0,3.0,15:13:28,"[-0.1, -0.2, 0.3, 0.4, -0.5, -0.6, 0.7, 0.8, 0.9]",-29.427926670921963,745,1000000,556
1719407611.8510349,1.0,2.0,3.0,15:13:28,"[-0.1, -0.2, 0.3, 0.4, -0.5, -0.6, 0.7, 0.8, 0.9]",-30.124744759342903,745,1000000,556
1719407612.420868,1.0,2.0,3.0,15:13:29,"[-0.1, -0.2, 0.3, 0.4, -0.5, -0.6, 0.7, 0.8, 0.9]",-30.534686607456116,745,1000000,556
1719407613.1028547,1.0,2.0,3.0,15:13:29,"[-0.1, -0.2, 0.3, 0.4, -0.5, -0.6, 0.7, 0.8, 0.9]",-29.965182074262515,651,1000000,297
1719407613.6878366,1.0,2.0,3.0,15:13:30,"[-0.1, -0.2, 0.3, 0.4, -0.5, -0.6, 0.7, 0.8, 0.9]",-30.110080035314354,651,1000000,297
1719407614.2738333,1.0,2.0,3.0,15:13:31,"[-0.1, -0.2, 0.3, 0.4, -0.5, -0.6, 0.7, 0.8, 0.9]",-30.436766382434655,624,1000000,329
1719407614.8468935,1.0,2.0,3.0,15:13:31,"[-0.1, -0.2, 0.3, 0.4, -0.5, -0.6, 0.7, 0.8, 0.9]",-30.053087480643875,624,1000000,329
1719407615.4353452,1.0,2.0,3.0,15:13:32,"[-0.1, -0.2, 0.3, 0.4, -0.5, -0.6, 0.7, 0.8, 0.9]",-29.82239208402723,624,1000000,329
1719407616.1118305,1.0,2.0,3.0,15:13:32,"[-0.1, -0.2, 0.3, 0.4, -0.5, -0.6, 0.7, 0.8, 0.9]",-29.888026111845733,715,1000000,368
1719407616.6781566,1.0,2.0,3.0,15:13:33,"[-0.1, -0.2, 0.3, 0.4, -0.5, -0.6, 0.7, 0.8, 0.9]",-30.13600122345504,715,1000000,368
1719407617.3602896,1.0,2.0,3.0,15:13:34,"[-0.1, -0.2, 0.3, 0.4, -0.5, -0.6, 0.7, 0.8, 0.9]",-30.36495649705165,640,1000000,409
1719407618.0842128,1.0,2.0,3.0,15:13:34,"[-0.1, -0.2, 0.3, 0.4, -0.5, -0.6, 0.7, 0.8, 0.9]",-30.294288664684174,640,1000000,409
1719407618.6717875,1.0,2.0,3.0,15:13:35,"[-0.1, -0.2, 0.3, 0.4, -0.5, -0.6, 0.7, 0.8, 0.9]",-38.928625125498364,543,1000000,298
1719407619.367636,1.0,2.0,3.0,15:13:36,"[-0.1, -0.2, 0.3, 0.4, -0.5, -0.6, 0.7, 0.8, 0.9]",-38.632062497948816,543,1000000,298
1719407620.0786405,1.0,2.0,3.0,15:13:36,"[-0.1, -0.2, 0.3, 0.4, -0.5, -0.6, 0.7, 0.8, 0.9]",-39.097865028615296,95,1000000,7
1719407620.6882238,1.0,2.0,3.0,15:13:37,"[-0.1, -0.2, 0.3, 0.4, -0.5, -0.6, 0.7, 0.8, 0.9]",-38.964208828241496,95,1000000,7
1719407621.3749082,1.0,2.0,3.0,15:13:38,"[-0.1, -0.2, 0.3, 0.4, -0.5, -0.6, 0.7, 0.8, 0.9]",-38.09599330338237,88,1000000,5
1719407622.0768178,1.0,2.0,3.0,15:13:38,"[-0.1, -0.2, 0.3, 0.4, -0.5, -0.6, 0.7, 0.8, 0.9]",-39.37950539345977,72,1000000,6
1719407622.8203802,1.0,2.0,3.0,15:13:39,"[-0.1, -0.2, 0.3, 0.4, -0.5, -0.6, 0.7, 0.8, 0.9]",-40.15386813702114,104,1000000,8
1719407623.591191,1.0,2.0,3.0,15:13:40,"[-0.1, -0.2, 0.3, 0.4, -0.5, -0.6, 0.7, 0.8, 0.9]",-40.77135304959913,104,1000000,8
1719407624.1624753,1.0,2.0,3.0,15:13:41,"[-0.1, -0.2, 0.3, 0.4, -0.5, -0.6, 0.7, 0.8, 0.9]",-40.18974574797846,104,1000000,8
1719407624.7598934,1.0,2.0,3.0,15:13:41,"[-0.1, -0.2, 0.3, 0.4, -0.5, -0.6, 0.7, 0.8, 0.9]",-37.986180704074215,84,1000000,6
1719407625.322691,1.0,2.0,3.0,15:13:42,"[-0.1, -0.2, 0.3, 0.4, -0.5, -0.6, 0.7, 0.8, 0.9]",-39.69569048558186,84,1000000,6
1719407625.9140534,1.0,2.0,3.0,15:13:42,"[-0.1, -0.2, 0.3, 0.4, -0.5, -0.6, 0.7, 0.8, 0.9]",-37.34266234065785,84,1000000,8
1719407626.5611503,1.0,2.0,3.0,15:13:43,"[-0.1, -0.2, 0.3, 0.4, -0.5, -0.6, 0.7, 0.8, 0.9]",-39.14363270185465,84,1000000,8
1719407627.3019338,1.0,2.0,3.0,15:13:43,"[-0.1, -0.2, 0.3, 0.4, -0.5, -0.6, 0.7, 0.8, 0.9]",-39.23617373915879,80,1000000,6
1719407628.053802,1.0,2.0,3.0,15:13:44,"[-0.1, -0.2, 0.3, 0.4, -0.5, -0.6, 0.7, 0.8, 0.9]",-39.33493277744947,75,1000000,5
1719407628.5963616,1.0,2.0,3.0,15:13:45,"[-0.1, -0.2, 0.3, 0.4, -0.5, -0.6, 0.7, 0.8, 0.9]",-24.622381244630162,75,1000000,5
1719407629.281334,1.0,2.0,3.0,15:13:45,"[-0.1, -0.2, 0.3, 0.4, -0.5, -0.6, 0.7, 0.8, 0.9]",-24.60362295839642,72,1000000,6
1719407630.0576482,1.0,2.0,3.0,15:13:46,"[-0.1, -0.2, 0.3, 0.4, -0.5, -0.6, 0.7, 0.8, 0.9]",-24.572619616962513,72,1000000,6
1719407630.6223898,1.0,2.0,3.0,15:13:47,"[-0.1, -0.2, 0.3, 0.4, -0.5, -0.6, 0.7, 0.8, 0.9]",-24.563653438233104,784,1000000,710
1719407631.312312,1.0,2.0,3.0,15:13:47,"[-0.1, -0.2, 0.3, 0.4, -0.5, -0.6, 0.7, 0.8, 0.9]",-24.516896838631325,784,1000000,710
1719407632.0246801,1.0,2.0,3.0,15:13:49,"[-0.1, -0.2, 0.3, 0.4, -0.5, -0.6, 0.7, 0.8, 0.9]",-24.586588702011063,794,1000000,630
1719407632.6020024,1.0,2.0,3.0,15:13:49,"[-0.1, -0.2, 0.3, 0.4, -0.5, -0.6, 0.7, 0.8, 0.9]",-24.589763253026454,794,1000000,630
1719407633.162034,1.0,2.0,3.0,15:13:50,"[-0.1, -0.2, 0.3, 0.4, -0.5, -0.6, 0.7, 0.8, 0.9]",-24.557930713813278,794,1000000,630
1719407633.783329,1.0,2.0,3.0,15:13:50,"[-0.1, -0.2, 0.3, 0.4, -0.5, -0.6, 0.7, 0.8, 0.9]",-24.803511947305587,863,1000000,736
1719407634.38732,1.0,2.0,3.0,15:13:51,"[-0.1, -0.2, 0.3, 0.4, -0.5, -0.6, 0.7, 0.8, 0.9]",-24.521141502568696,863,1000000,736
1719407634.9593248,1.0,2.0,3.0,15:13:52,"[-0.1, -0.2, 0.3, 0.4, -0.5, -0.6, 0.7, 0.8, 0.9]",-24.659522911890804,863,1000000,736
1719407635.543712,1.0,2.0,3.0,15:13:52,"[-0.1, -0.2, 0.3, 0.4, -0.5, -0.6, 0.7, 0.8, 0.9]",-24.78402294563802,863,1000000,736
1719407636.1446106,1.0,2.0,3.0,15:13:53,"[-0.1, -0.2, 0.3, 0.4, -0.5, -0.6, 0.7, 0.8, 0.9]",-24.52198738390677,827,1000000,644
1719407636.7914288,1.0,2.0,3.0,15:13:53,"[-0.1, -0.2, 0.3, 0.4, -0.5, -0.6, 0.7, 0.8, 0.9]",-24.756977332473326,827,1000000,644
1719407637.369147,1.0,2.0,3.0,15:13:54,"[-0.1, -0.2, 0.3, 0.4, -0.5, -0.6, 0.7, 0.8, 0.9]",-24.808803207776833,892,1000000,743
1719407638.0428057,1.0,2.0,3.0,15:13:55,"[-0.1, -0.2, 0.3, 0.4, -0.5, -0.6, 0.7, 0.8, 0.9]",-24.858356239871952,892,1000000,743
1719407638.8353796,1.0,2.0,3.0,15:13:55,"[-0.1, -0.2, 0.3, 0.4, -0.5, -0.6, 0.7, 0.8, 0.9]",-27.247462875930538,455,1000000,145
1719407639.5558875,1.0,2.0,3.0,15:13:56,"[-0.1, -0.2, 0.3, 0.4, -0.5, -0.6, 0.7, 0.8, 0.9]",-27.520995066990615,455,1000000,145
1719407640.3350244,1.0,2.0,3.0,15:13:57,"[-0.1, -0.2, 0.3, 0.4, -0.5, -0.6, 0.7, 0.8, 0.9]",-28.086348653037973,446,1000000,123
1719407641.1014519,1.0,2.0,3.0,15:13:58,"[-0.1, -0.2, 0.3, 0.4, -0.5, -0.6, 0.7, 0.8, 0.9]",-27.903481524661913,446,1000000,123
1719407641.6659663,1.0,2.0,3.0,15:13:58,"[-0.1, -0.2, 0.3, 0.4, -0.5, -0.6, 0.7, 0.8, 0.9]",-27.959792034762508,438,1000000,185
1719407642.368711,1.0,2.0,3.0,15:13:59,"[-0.1, -0.2, 0.3, 0.4, -0.5, -0.6, 0.7, 0.8, 0.9]",-27.575562131548253,359,1000000,128
1719407643.1346433,1.0,2.0,3.0,15:14:00,"[-0.1, -0.2, 0.3, 0.4, -0.5, -0.6, 0.7, 0.8, 0.9]",-27.99195278436939,413,1000000,198
1719407643.7329738,1.0,2.0,3.0,15:14:00,"[-0.1, -0.2, 0.3, 0.4, -0.5, -0.6, 0.7, 0.8, 0.9]",-28.141900895995,276,1000000,108
1719407644.3037229,1.0,2.0,3.0,15:14:01,"[-0.1, -0.2, 0.3, 0.4, -0.5, -0.6, 0.7, 0.8, 0.9]",-27.969199146954956,276,1000000,108
1719407644.9057322,1.0,2.0,3.0,15:14:01,"[-0.1, -0.2, 0.3, 0.4, -0.5, -0.6, 0.7, 0.8, 0.9]",-28.098353387968736,419,1000000,175
1719407645.4781995,1.0,2.0,3.0,15:14:02,"[-0.1, -0.2, 0.3, 0.4, -0.5, -0.6, 0.7, 0.8, 0.9]",-27.94777389735679,419,1000000,175
1719407646.1085432,1.0,2.0,3.0,15:14:03,"[-0.1, -0.2, 0.3, 0.4, -0.5, -0.6, 0.7, 0.8, 0.9]",-28.007374063269367,419,1000000,175
1719407646.697777,1.0,2.0,3.0,15:14:03,"[-0.1, -0.2, 0.3, 0.4, -0.5, -0.6, 0.7, 0.8, 0.9]",-27.91712557321562,420,1000000,176
1719407647.2673616,1.0,2.0,3.0,15:14:04,"[-0.1, -0.2, 0.3, 0.4, -0.5, -0.6, 0.7, 0.8, 0.9]",-27.943409206610504,420,1000000,176
1719407647.8503656,1.0,2.0,3.0,15:14:04,"[-0.1, -0.2, 0.3, 0.4, -0.5, -0.6, 0.7, 0.8, 0.9]",-27.972869659174712,338,1000000,101
1719407648.425846,1.0,2.0,3.0,15:14:05,"[-0.1, -0.2, 0.3, 0.4, -0.5, -0.6, 0.7, 0.8, 0.9]",-28.078704861927186,319,1000000,168
1719407649.031514,1.0,2.0,3.0,15:14:05,"[-0.1, -0.2, 0.3, 0.4, -0.5, -0.6, 0.7, 0.8, 0.9]",-26.48978837913979,319,1000000,168
1719407649.6391919,1.0,2.0,3.0,15:14:06,"[-0.1, -0.2, 0.3, 0.4, -0.5, -0.6, 0.7, 0.8, 0.9]",-26.03212230277112,319,1000000,168
1719407650.2130535,1.0,2.0,3.0,15:14:07,"[-0.1, -0.2, 0.3, 0.4, -0.5, -0.6, 0.7, 0.8, 0.9]",-26.18546831364896,539,1000000,376
1719407650.7818997,1.0,2.0,3.0,15:14:07,"[-0.1, -0.2, 0.3, 0.4, -0.5, -0.6, 0.7, 0.8, 0.9]",-26.31268773858718,539,1000000,376
1719407651.353984,1.0,2.0,3.0,15:14:08,"[-0.1, -0.2, 0.3, 0.4, -0.5, -0.6, 0.7, 0.8, 0.9]",-26.308793477577396,648,1000000,419
1719407651.954442,1.0,2.0,3.0,15:14:08,"[-0.1, -0.2, 0.3, 0.4, -0.5, -0.6, 0.7, 0.8, 0.9]",-26.134767110802663,648,1000000,419
1719407652.5241637,1.0,2.0,3.0,15:14:09,"[-0.1, -0.2, 0.3, 0.4, -0.5, -0.6, 0.7, 0.8, 0.9]",-26.64022056245542,630,1000000,285
1719407653.111347,1.0,2.0,3.0,15:14:10,"[-0.1, -0.2, 0.3, 0.4, -0.5, -0.6, 0.7, 0.8, 0.9]",-26.436106559453613,630,1000000,285
1719407653.6818154,1.0,2.0,3.0,15:14:10,"[-0.1, -0.2, 0.3, 0.4, -0.5, -0.6, 0.7, 0.8, 0.9]",-26.596746584168372,630,1000000,285
1719407654.3541613,1.0,2.0,3.0,15:14:11,"[-0.1, -0.2, 0.3, 0.4, -0.5, -0.6, 0.7, 0.8, 0.9]",-26.60432630635932,630,1000000,285
1719407654.9228776,1.0,2.0,3.0,15:14:11,"[-0.1, -0.2, 0.3, 0.4, -0.5, -0.6, 0.7, 0.8, 0.9]",-26.340810963995906,640,1000000,323
1719407655.594009,1.0,2.0,3.0,15:14:12,"[-0.1, -0.2, 0.3, 0.4, -0.5, -0.6, 0.7, 0.8, 0.9]",-26.16473363282219,640,1000000,323
1719407656.3682878,1.0,2.0,3.0,15:14:13,"[-0.1, -0.2, 0.3, 0.4, -0.5, -0.6, 0.7, 0.8, 0.9]",-26.22438985681024,620,1000000,343
1719407656.9413543,1.0,2.0,3.0,15:14:13,"[-0.1, -0.2, 0.3, 0.4, -0.5, -0.6, 0.7, 0.8, 0.9]",-26.73796940721659,620,1000000,343
1719407657.5883992,1.0,2.0,3.0,15:14:14,"[-0.1, -0.2, 0.3, 0.4, -0.5, -0.6, 0.7, 0.8, 0.9]",-25.653362317617237,620,1000000,343
1719407658.351873,1.0,2.0,3.0,15:14:15,"[-0.1, -0.2, 0.3, 0.4, -0.5, -0.6, 0.7, 0.8, 0.9]",-26.24351633442378,624,1000000,413
1719407659.0743322,1.0,2.0,3.0,15:14:15,"[-0.1, -0.2, 0.3, 0.4, -0.5, -0.6, 0.7, 0.8, 0.9]",-34.49371159604824,1174,1000000,1522
1719407659.826698,1.0,2.0,3.0,15:14:16,"[-0.1, -0.2, 0.3, 0.4, -0.5, -0.6, 0.7, 0.8, 0.9]",-35.45269559953513,1174,1000000,1522
1719407660.3952851,1.0,2.0,3.0,15:14:17,"[-0.1, -0.2, 0.3, 0.4, -0.5, -0.6, 0.7, 0.8, 0.9]",-34.01563771023148,1256,1000000,1595
1719407660.985404,1.0,2.0,3.0,15:14:17,"[-0.1, -0.2, 0.3, 0.4, -0.5, -0.6, 0.7, 0.8, 0.9]",-34.01011996225957,1251,1000000,1530
1719407661.57532,1.0,2.0,3.0,15:14:18,"[-0.1, -0.2, 0.3, 0.4, -0.5, -0.6, 0.7, 0.8, 0.9]",-34.28433404262593,1251,1000000,1530
1719407662.1529605,1.0,2.0,3.0,15:14:18,"[-0.1, -0.2, 0.3, 0.4, -0.5, -0.6, 0.7, 0.8, 0.9]",-33.99124194711435,1191,1000000,1537
1719407662.7452123,1.0,2.0,3.0,15:14:19,"[-0.1, -0.2, 0.3, 0.4, -0.5, -0.6, 0.7, 0.8, 0.9]",-34.60719937277443,1191,1000000,1537
1719407663.3111157,1.0,2.0,3.0,15:14:20,"[-0.1, -0.2, 0.3, 0.4, -0.5, -0.6, 0.7, 0.8, 0.9]",-34.362882193278956,1191,1000000,1537
1719407664.0595975,1.0,2.0,3.0,15:14:20,"[-0.1, -0.2, 0.3, 0.4, -0.5, -0.6, 0.7, 0.8, 0.9]",-35.119608118514016,1242,1000000,1478
1719407664.8196166,1.0,2.0,3.0,15:14:21,"[-0.1, -0.2, 0.3, 0.4, -0.5, -0.6, 0.7, 0.8, 0.9]",-34.67901084652609,1210,1000000,1635
1719407665.5387294,1.0,2.0,3.0,15:14:22,"[-0.1, -0.2, 0.3, 0.4, -0.5, -0.6, 0.7, 0.8, 0.9]",-34.45634693652924,1210,1000000,1635
1719407666.2921987,1.0,2.0,3.0,15:14:22,"[-0.1, -0.2, 0.3, 0.4, -0.5, -0.6, 0.7, 0.8, 0.9]",-34.73836778731506,1210,1000000,1635
1719407666.8517234,1.0,2.0,3.0,15:14:23,"[-0.1, -0.2, 0.3, 0.4, -0.5, -0.6, 0.7, 0.8, 0.9]",-34.46287134833077,1210,1000000,1635
1719407667.5029335,1.0,2.0,3.0,15:14:24,"[-0.1, -0.2, 0.3, 0.4, -0.5, -0.6, 0.7, 0.8, 0.9]",-34.35303206545822,1210,1000000,1635
1719407668.3000977,1.0,2.0,3.0,15:14:25,"[-0.1, -0.2, 0.3, 0.4, -0.5, -0.6, 0.7, 0.8, 0.9]",-34.59312296880003,1174,1000000,1597
1719407669.0451949,1.0,2.0,3.0,15:14:26,"[-0.1, -0.2, 0.3, 0.4, -0.5, -0.6, 0.7, 0.8, 0.9]",-24.47389332421524,1174,1000000,1597
1719407669.803351,1.0,2.0,3.0,15:14:26,"[-0.1, -0.2, 0.3, 0.4, -0.5, -0.6, 0.7, 0.8, 0.9]",-24.479609138438498,92,1000000,8
1719407670.5620196,1.0,2.0,3.0,15:14:27,"[-0.1, -0.2, 0.3, 0.4, -0.5, -0.6, 0.7, 0.8, 0.9]",-24.65478354173183,92,1000000,8
1719407671.3511317,1.0,2.0,3.0,15:14:28,"[-0.1, -0.2, 0.3, 0.4, -0.5, -0.6, 0.7, 0.8, 0.9]",-24.82897676591886,80,1000000,6
1719407671.9287267,1.0,2.0,3.0,15:14:29,"[-0.1, -0.2, 0.3, 0.4, -0.5, -0.6, 0.7, 0.8, 0.9]",-24.646520310459643,80,1000000,6
1719407672.6020553,1.0,2.0,3.0,15:14:29,"[-0.1, -0.2, 0.3, 0.4, -0.5, -0.6, 0.7, 0.8, 0.9]",-24.550742217568605,77,1000000,7
1719407673.180164,1.0,2.0,3.0,15:14:30,"[-0.1, -0.2, 0.3, 0.4, -0.5, -0.6, 0.7, 0.8, 0.9]",-24.796583681613185,77,1000000,7
1719407673.869538,1.0,2.0,3.0,15:14:30,"[-0.1, -0.2, 0.3, 0.4, -0.5, -0.6, 0.7, 0.8, 0.9]",-24.705940373180063,89,1000000,9
1719407674.46483,1.0,2.0,3.0,15:14:31,"[-0.1, -0.2, 0.3, 0.4, -0.5, -0.6, 0.7, 0.8, 0.9]",-24.630761498257826,89,1000000,9
1719407675.0477755,1.0,2.0,3.0,15:14:32,"[-0.1, -0.2, 0.3, 0.4, -0.5, -0.6, 0.7, 0.8, 0.9]",-24.659307206696226,89,1000000,9
1719407675.6563497,1.0,2.0,3.0,15:14:32,"[-0.1, -0.2, 0.3, 0.4, -0.5, -0.6, 0.7, 0.8, 0.9]",-24.69749268558936,89,1000000,9
1719407676.3681285,1.0,2.0,3.0,15:14:33,"[-0.1, -0.2, 0.3, 0.4, -0.5, -0.6, 0.7, 0.8, 0.9]",-24.609289913272086,94,1000000,8
1719407677.1397972,1.0,2.0,3.0,15:14:34,"[-0.1, -0.2, 0.3, 0.4, -0.5, -0.6, 0.7, 0.8, 0.9]",-24.64349434979652,94,1000000,8
1719407677.9008694,1.0,2.0,3.0,15:14:34,"[-0.1, -0.2, 0.3, 0.4, -0.5, -0.6, 0.7, 0.8, 0.9]",-24.74053880884079,81,1000000,8
1719407678.6346383,1.0,2.0,3.0,15:14:35,"[-0.1, -0.2, 0.3, 0.4, -0.5, -0.6, 0.7, 0.8, 0.9]",-22.023533109040322,81,1000000,8
1719407679.2269688,1.0,2.0,3.0,15:14:36,"[-0.1, -0.2, 0.3, 0.4, -0.5, -0.6, 0.7, 0.8, 0.9]",-21.947742410717836,134,1000000,11
1719407679.8324018,1.0,2.0,3.0,15:14:36,"[-0.1, -0.2, 0.3, 0.4, -0.5, -0.6, 0.7, 0.8, 0.9]",-21.80378960109655,134,1000000,11
1719407680.4065287,1.0,2.0,3.0,15:14:37,"[-0.1, -0.2, 0.3, 0.4, -0.5, -0.6, 0.7, 0.8, 0.9]",-21.973473120955948,134,1000000,11
1719407681.142802,1.0,2.0,3.0,15:14:38,"[-0.1, -0.2, 0.3, 0.4, -0.5, -0.6, 0.7, 0.8, 0.9]",-21.85833305525297,110,1000000,13
1719407681.8487468,1.0,2.0,3.0,15:14:38,"[-0.1, -0.2, 0.3, 0.4, -0.5, -0.6, 0.7, 0.8, 0.9]",-21.877498660037126,110,1000000,13
1719407682.4181123,1.0,2.0,3.0,15:14:39,"[-0.1, -0.2, 0.3, 0.4, -0.5, -0.6, 0.7, 0.8, 0.9]",-21.80400529190123,136,1000000,14
1719407683.1562157,1.0,2.0,3.0,15:14:40,"[-0.1, -0.2, 0.3, 0.4, -0.5, -0.6, 0.7, 0.8, 0.9]",-21.739694802070623,136,1000000,14
1719407683.724761,1.0,2.0,3.0,15:14:40,"[-0.1, -0.2, 0.3, 0.4, -0.5, -0.6, 0.7, 0.8, 0.9]",-21.773835335446954,130,1000000,14
1719407684.3168814,1.0,2.0,3.0,15:14:41,"[-0.1, -0.2, 0.3, 0.4, -0.5, -0.6, 0.7, 0.8, 0.9]",-21.786085193325807,130,1000000,14
1719407684.8797414,1.0,2.0,3.0,15:14:41,"[-0.1, -0.2, 0.3, 0.4, -0.5, -0.6, 0.7, 0.8, 0.9]",-21.837753845261773,130,1000000,14
1719407685.4674234,1.0,2.0,3.0,15:14:42,"[-0.1, -0.2, 0.3, 0.4, -0.5, -0.6, 0.7, 0.8, 0.9]",-21.715189827789057,131,1000000,12
1719407686.1075652,1.0,2.0,3.0,15:14:43,"[-0.1, -0.2, 0.3, 0.4, -0.5, -0.6, 0.7, 0.8, 0.9]",-21.774951833599513,131,1000000,12
1719407686.842756,1.0,2.0,3.0,15:14:43,"[-0.1, -0.2, 0.3, 0.4, -0.5, -0.6, 0.7, 0.8, 0.9]",-21.91425973540162,132,1000000,15
1719407687.418799,1.0,2.0,3.0,15:14:44,"[-0.1, -0.2, 0.3, 0.4, -0.5, -0.6, 0.7, 0.8, 0.9]",-21.820134047608594,132,1000000,15
1719407688.1001153,1.0,2.0,3.0,15:14:44,"[-0.1, -0.2, 0.3, 0.4, -0.5, -0.6, 0.7, 0.8, 0.9]",-21.855866991950652,112,1000000,12
1719407688.8647983,1.0,2.0,3.0,15:14:45,"[-0.1, -0.2, 0.3, 0.4, -0.5, -0.6, 0.7, 0.8, 0.9]",-32.181771812519024,112,1000000,12
1719407689.440223,1.0,2.0,3.0,15:14:46,"[-0.1, -0.2, 0.3, 0.4, -0.5, -0.6, 0.7, 0.8, 0.9]",-32.19993990943153,112,1000000,12
1719407690.0210843,1.0,2.0,3.0,15:14:46,"[-0.1, -0.2, 0.3, 0.4, -0.5, -0.6, 0.7, 0.8, 0.9]",-32.277214997986796,198,1000000,26
1719407690.5817862,1.0,2.0,3.0,15:14:47,"[-0.1, -0.2, 0.3, 0.4, -0.5, -0.6, 0.7, 0.8, 0.9]",-32.29878532161247,198,1000000,26
1719407691.3405566,1.0,2.0,3.0,15:14:48,"[-0.1, -0.2, 0.3, 0.4, -0.5, -0.6, 0.7, 0.8, 0.9]",-32.0613614956536,211,1000000,33
1719407692.0868833,1.0,2.0,3.0,15:14:48,"[-0.1, -0.2, 0.3, 0.4, -0.5, -0.6, 0.7, 0.8, 0.9]",-32.03019907841405,211,1000000,33
1719407692.8581002,1.0,2.0,3.0,15:14:49,"[-0.1, -0.2, 0.3, 0.4, -0.5, -0.6, 0.7, 0.8, 0.9]",-32.04815578989393,173,1000000,26
1719407693.4284906,1.0,2.0,3.0,15:14:50,"[-0.1, -0.2, 0.3, 0.4, -0.5, -0.6, 0.7, 0.8, 0.9]",-32.139461901888836,173,1000000,26
1719407694.0912626,1.0,2.0,3.0,15:14:50,"[-0.1, -0.2, 0.3, 0.4, -0.5, -0.6, 0.7, 0.8, 0.9]",-32.3258996538689,199,1000000,35
1719407694.664334,1.0,2.0,3.0,15:14:51,"[-0.1, -0.2, 0.3, 0.4, -0.5, -0.6, 0.7, 0.8, 0.9]",-32.30008386596854,152,1000000,18
1719407695.2518513,1.0,2.0,3.0,15:14:52,"[-0.1, -0.2, 0.3, 0.4, -0.5, -0.6, 0.7, 0.8, 0.9]",-32.2566174457344,193,1000000,37
1719407695.821996,1.0,2.0,3.0,15:14:52,"[-0.1, -0.2, 0.3, 0.4, -0.5, -0.6, 0.7, 0.8, 0.9]",-32.470453626903144,193,1000000,37
1719407696.4174256,1.0,2.0,3.0,15:14:53,"[-0.1, -0.2, 0.3, 0.4, -0.5, -0.6, 0.7, 0.8, 0.9]",-32.32593469245778,193,1000000,37
1719407697.00555,1.0,2.0,3.0,15:14:53,"[-0.1, -0.2, 0.3, 0.4, -0.5, -0.6, 0.7, 0.8, 0.9]",-32.251154341327535,193,1000000,37
1719407697.583956,1.0,2.0,3.0,15:14:54,"[-0.1, -0.2, 0.3, 0.4, -0.5, -0.6, 0.7, 0.8, 0.9]",-32.369081561968436,191,1000000,29
1719407698.3196528,1.0,2.0,3.0,15:14:55,"[-0.1, -0.2, 0.3, 0.4, -0.5, -0.6, 0.7, 0.8, 0.9]",-32.24706611826622,194,1000000,36
1719407699.0268192,1.0,2.0,3.0,15:14:55,"[-0.1, -0.2, 0.3, 0.4, -0.5, -0.6, 0.7, 0.8, 0.9]",-46.49901734706347,194,1000000,36
1719407699.7842112,1.0,2.0,3.0,15:14:56,"[-0.1, -0.2, 0.3, 0.4, -0.5, -0.6, 0.7, 0.8, 0.9]",-46.08583510317766,1411,1000000,1990
1719407700.5437217,1.0,2.0,3.0,15:14:57,"[-0.1, -0.2, 0.3, 0.4, -0.5, -0.6, 0.7, 0.8, 0.9]",-46.246761874276686,1411,1000000,1990
1719407701.307838,1.0,2.0,3.0,15:14:57,"[-0.1, -0.2, 0.3, 0.4, -0.5, -0.6, 0.7, 0.8, 0.9]",-45.94802523197953,1402,1000000,1934
1719407701.8850126,1.0,2.0,3.0,15:14:58,"[-0.1, -0.2, 0.3, 0.4, -0.5, -0.6, 0.7, 0.8, 0.9]",-45.97154772519345,1402,1000000,1934
1719407702.591807,1.0,2.0,3.0,15:14:59,"[-0.1, -0.2, 0.3, 0.4, -0.5, -0.6, 0.7, 0.8, 0.9]",-45.960858919576246,1333,1000000,1838
1719407703.3053873,1.0,2.0,3.0,15:14:59,"[-0.1, -0.2, 0.3, 0.4, -0.5, -0.6, 0.7, 0.8, 0.9]",-45.04778063524793,1333,1000000,1838
1719407704.0726233,1.0,2.0,3.0,15:15:00,"[-0.1, -0.2, 0.3, 0.4, -0.5, -0.6, 0.7, 0.8, 0.9]",-43.23791447471983,1351,1000000,1836
1719407704.8438218,1.0,2.0,3.0,15:15:01,"[-0.1, -0.2, 0.3, 0.4, -0.5, -0.6, 0.7, 0.8, 0.9]",-42.88461391381671,1351,1000000,1836
1719407705.4117486,1.0,2.0,3.0,15:15:02,"[-0.1, -0.2, 0.3, 0.4, -0.5, -0.6, 0.7, 0.8, 0.9]",-42.70100532092283,1370,1000000,1951
1719407706.1148639,1.0,2.0,3.0,15:15:02,"[-0.1, -0.2, 0.3, 0.4, -0.5, -0.6, 0.7, 0.8, 0.9]",-43.11685780247677,1370,1000000,1951
1719407706.690252,1.0,2.0,3.0,15:15:03,"[-0.1, -0.2, 0.3, 0.4, -0.5, -0.6, 0.7, 0.8, 0.9]",-42.98163964512437,1370,1000000,1951
1719407707.367752,1.0,2.0,3.0,15:15:04,"[-0.1, -0.2, 0.3, 0.4, -0.5, -0.6, 0.7, 0.8, 0.9]",-42.61169704068283,1370,1000000,1951
1719407707.9460886,1.0,2.0,3.0,15:15:05,"[-0.1, -0.2, 0.3, 0.4, -0.5, -0.6, 0.7, 0.8, 0.9]",-42.803038160017614,1370,1000000,1951
1719407708.5594716,1.0,2.0,3.0,15:15:05,"[-0.1, -0.2, 0.3, 0.4, -0.5, -0.6, 0.7, 0.8, 0.9]",-23.025473011481246,1340,1000000,1782
1719407709.1596606,1.0,2.0,3.0,15:15:06,"[-0.1, -0.2, 0.3, 0.4, -0.5, -0.6, 0.7, 0.8, 0.9]",-23.090389789561463,1317,1000000,1638
1719407709.7505329,1.0,2.0,3.0,15:15:06,"[-0.1, -0.2, 0.3, 0.4, -0.5, -0.6, 0.7, 0.8, 0.9]",-23.065548683825426,1317,1000000,1638
1719407710.3231666,1.0,2.0,3.0,15:15:07,"[-0.1, -0.2, 0.3, 0.4, -0.5, -0.6, 0.7, 0.8, 0.9]",-23.05660093837625,1267,1000000,1552
1719407710.8860838,1.0,2.0,3.0,15:15:08,"[-0.1, -0.2, 0.3, 0.4, -0.5, -0.6, 0.7, 0.8, 0.9]",-22.967128616772577,1267,1000000,1552
1719407711.483333,1.0,2.0,3.0,15:15:08,"[-0.1, -0.2, 0.3, 0.4, -0.5, -0.6, 0.7, 0.8, 0.9]",-23.106700719487286,1267,1000000,1552
1719407712.0540895,1.0,2.0,3.0,15:15:09,"[-0.1, -0.2, 0.3, 0.4, -0.5, -0.6, 0.7, 0.8, 0.9]",-23.074203507565223,1238,1000000,1532
1719407712.6433,1.0,2.0,3.0,15:15:09,"[-0.1, -0.2, 0.3, 0.4, -0.5, -0.6, 0.7, 0.8, 0.9]",-23.084512378820065,1291,1000000,1677
1719407713.213693,1.0,2.0,3.0,15:15:10,"[-0.1, -0.2, 0.3, 0.4, -0.5, -0.6, 0.7, 0.8, 0.9]",-22.984312158428615,1291,1000000,1677
1719407713.8144522,1.0,2.0,3.0,15:15:10,"[-0.1, -0.2, 0.3, 0.4, -0.5, -0.6, 0.7, 0.8, 0.9]",-23.03298327748221,1291,1000000,1677
1719407714.3846595,1.0,2.0,3.0,15:15:11,"[-0.1, -0.2, 0.3, 0.4, -0.5, -0.6, 0.7, 0.8, 0.9]",-22.998494037626557,1291,1000000,1677
1719407714.974165,1.0,2.0,3.0,15:15:12,"[-0.1, -0.2, 0.3, 0.4, -0.5, -0.6, 0.7, 0.8, 0.9]",-23.038987125107617,1245,1000000,1550
1719407715.5848086,1.0,2.0,3.0,15:15:12,"[-0.1, -0.2, 0.3, 0.4, -0.5, -0.6, 0.7, 0.8, 0.9]",-23.17945481804228,1245,1000000,1550
1719407716.1538682,1.0,2.0,3.0,15:15:13,"[-0.1, -0.2, 0.3, 0.4, -0.5, -0.6, 0.7, 0.8, 0.9]",-22.83436945808308,1245,1000000,1550
1719407716.9029813,1.0,2.0,3.0,15:15:13,"[-0.1, -0.2, 0.3, 0.4, -0.5, -0.6, 0.7, 0.8, 0.9]",-22.99081571027041,1313,1000000,1776
1719407717.6151135,1.0,2.0,3.0,15:15:14,"[-0.1, -0.2, 0.3, 0.4, -0.5, -0.6, 0.7, 0.8, 0.9]",-23.0628657969512,1313,1000000,1776
1719407718.3742917,1.0,2.0,3.0,15:15:15,"[-0.1, -0.2, 0.3, 0.4, -0.5, -0.6, 0.7, 0.8, 0.9]",-23.060215228927888,1313,1000000,1776
1719407719.1463137,1.0,2.0,3.0,15:15:16,"[-0.1, -0.2, 0.3, 0.4, -0.5, -0.6, 0.7, 0.8, 0.9]",-25.449236243029432,1199,1000000,1464
1719407719.741856,1.0,2.0,3.0,15:15:16,"[-0.1, -0.2, 0.3, 0.4, -0.5, -0.6, 0.7, 0.8, 0.9]",-25.588446778894955,1199,1000000,1464
1719407720.3773727,1.0,2.0,3.0,15:15:17,"[-0.1, -0.2, 0.3, 0.4, -0.5, -0.6, 0.7, 0.8, 0.9]",-25.60716171857659,1263,1000000,1520
1719407720.9782493,1.0,2.0,3.0,15:15:17,"[-0.1, -0.2, 0.3, 0.4, -0.5, -0.6, 0.7, 0.8, 0.9]",-25.58876026913633,1263,1000000,1520
1719407721.5503561,1.0,2.0,3.0,15:15:18,"[-0.1, -0.2, 0.3, 0.4, -0.5, -0.6, 0.7, 0.8, 0.9]",-25.52319372745884,1301,1000000,1572
1719407722.1293318,1.0,2.0,3.0,15:15:19,"[-0.1, -0.2, 0.3, 0.4, -0.5, -0.6, 0.7, 0.8, 0.9]",-25.661934385121405,1301,1000000,1572
1719407722.8666027,1.0,2.0,3.0,15:15:19,"[-0.1, -0.2, 0.3, 0.4, -0.5, -0.6, 0.7, 0.8, 0.9]",-25.49797832883924,1242,1000000,1656
1719407723.4488738,1.0,2.0,3.0,15:15:20,"[-0.1, -0.2, 0.3, 0.4, -0.5, -0.6, 0.7, 0.8, 0.9]",-25.633279084918698,1242,1000000,1656
1719407724.0888383,1.0,2.0,3.0,15:15:21,"[-0.1, -0.2, 0.3, 0.4, -0.5, -0.6, 0.7, 0.8, 0.9]",-25.570470315414767,1242,1000000,1656
1719407724.6807046,1.0,2.0,3.0,15:15:21,"[-0.1, -0.2, 0.3, 0.4, -0.5, -0.6, 0.7, 0.8, 0.9]",-25.556350525827582,1288,1000000,1700
1719407725.2659125,1.0,2.0,3.0,15:15:22,"[-0.1, -0.2, 0.3, 0.4, -0.5, -0.6, 0.7, 0.8, 0.9]",-25.661341346768552,1288,1000000,1700
1719407725.8334608,1.0,2.0,3.0,15:15:22,"[-0.1, -0.2, 0.3, 0.4, -0.5, -0.6, 0.7, 0.8, 0.9]",-25.548690378396024,1316,1000000,1648
1719407726.4109395,1.0,2.0,3.0,15:15:23,"[-0.1, -0.2, 0.3, 0.4, -0.5, -0.6, 0.7, 0.8, 0.9]",-25.515525351148874,1316,1000000,1648
1719407727.0844367,1.0,2.0,3.0,15:15:23,"[-0.1, -0.2, 0.3, 0.4, -0.5, -0.6, 0.7, 0.8, 0.9]",-25.623821189389126,1316,1000000,1648
1719407727.836179,1.0,2.0,3.0,15:15:24,"[-0.1, -0.2, 0.3, 0.4, -0.5, -0.6, 0.7, 0.8, 0.9]",-25.538200081320475,1316,1000000,1648
1719407728.5525692,1.0,2.0,3.0,15:15:25,"[-0.1, -0.2, 0.3, 0.4, -0.5, -0.6, 0.7, 0.8, 0.9]",-28.718928450010978,1316,1000000,1648
1719407729.3188474,1.0,2.0,3.0,15:15:26,"[-0.1, -0.2, 0.3, 0.4, -0.5, -0.6, 0.7, 0.8, 0.9]",-28.71646567987454,267,1000000,130
1719407729.9182205,1.0,2.0,3.0,15:15:26,"[-0.1, -0.2, 0.3, 0.4, -0.5, -0.6, 0.7, 0.8, 0.9]",-28.84681086604217,267,1000000,130
1719407730.488185,1.0,2.0,3.0,15:15:27,"[-0.1, -0.2, 0.3, 0.4, -0.5, -0.6, 0.7, 0.8, 0.9]",-28.651091757057408,247,1000000,61
1719407731.0768037,1.0,2.0,3.0,15:15:28,"[-0.1, -0.2, 0.3, 0.4, -0.5, -0.6, 0.7, 0.8, 0.9]",-28.682282108345767,247,1000000,61
1719407731.6736841,1.0,2.0,3.0,15:15:28,"[-0.1, -0.2, 0.3, 0.4, -0.5, -0.6, 0.7, 0.8, 0.9]",-28.843368904503166,247,1000000,61
1719407732.2329943,1.0,2.0,3.0,15:15:29,"[-0.1, -0.2, 0.3, 0.4, -0.5, -0.6, 0.7, 0.8, 0.9]",-29.304493377414865,367,1000000,112
1719407732.8572776,1.0,2.0,3.0,15:15:29,"[-0.1, -0.2, 0.3, 0.4, -0.5, -0.6, 0.7, 0.8, 0.9]",-28.807602686867916,367,1000000,112
1719407733.4580915,1.0,2.0,3.0,15:15:30,"[-0.1, -0.2, 0.3, 0.4, -0.5, -0.6, 0.7, 0.8, 0.9]",-28.753767293649815,374,1000000,76
1719407734.0972414,1.0,2.0,3.0,15:15:30,"[-0.1, -0.2, 0.3, 0.4, -0.5, -0.6, 0.7, 0.8, 0.9]",-28.784961669114196,267,1000000,94
1719407734.821107,1.0,2.0,3.0,15:15:31,"[-0.1, -0.2, 0.3, 0.4, -0.5, -0.6, 0.7, 0.8, 0.9]",-28.826050697797655,267,1000000,94
1719407735.6121397,1.0,2.0,3.0,15:15:32,"[-0.1, -0.2, 0.3, 0.4, -0.5, -0.6, 0.7, 0.8, 0.9]",-28.950936328762843,267,1000000,94
1719407736.374597,1.0,2.0,3.0,15:15:33,"[-0.1, -0.2, 0.3, 0.4, -0.5, -0.6, 0.7, 0.8, 0.9]",-28.693315848827908,254,1000000,76
1719407737.1023269,1.0,2.0,3.0,15:15:33,"[-0.1, -0.2, 0.3, 0.4, -0.5, -0.6, 0.7, 0.8, 0.9]",-28.7179888377297,293,1000000,56
1719407737.8580947,1.0,2.0,3.0,15:15:34,"[-0.1, -0.2, 0.3, 0.4, -0.5, -0.6, 0.7, 0.8, 0.9]",-29.016066905832773,293,1000000,56
1719407738.635846,1.0,2.0,3.0,15:15:35,"[-0.1, -0.2, 0.3, 0.4, -0.5, -0.6, 0.7, 0.8, 0.9]",-25.942988002224695,293,1000000,56
1719407739.2118993,1.0,2.0,3.0,15:15:36,"[-0.1, -0.2, 0.3, 0.4, -0.5, -0.6, 0.7, 0.8, 0.9]",-25.902586056112547,411,1000000,107
1719407739.8915489,1.0,2.0,3.0,15:15:36,"[-0.1, -0.2, 0.3, 0.4, -0.5, -0.6, 0.7, 0.8, 0.9]",-25.91131097162576,411,1000000,107
1719407740.6490343,1.0,2.0,3.0,15:15:37,"[-0.1, -0.2, 0.3, 0.4, -0.5, -0.6, 0.7, 0.8, 0.9]",-25.921638060413052,411,1000000,107
1719407741.3909729,1.0,2.0,3.0,15:15:37,"[-0.1, -0.2, 0.3, 0.4, -0.5, -0.6, 0.7, 0.8, 0.9]",-25.975550132361896,411,1000000,107
1719407742.1322534,1.0,2.0,3.0,15:15:38,"[-0.1, -0.2, 0.3, 0.4, -0.5, -0.6, 0.7, 0.8, 0.9]",-25.9213116601666,411,1000000,107
1719407742.7012954,1.0,2.0,3.0,15:15:39,"[-0.1, -0.2, 0.3, 0.4, -0.5, -0.6, 0.7, 0.8, 0.9]",-26.032701746121006,411,1000000,107
1719407743.3838594,1.0,2.0,3.0,15:15:39,"[-0.1, -0.2, 0.3, 0.4, -0.5, -0.6, 0.7, 0.8, 0.9]",-26.11020918876168,290,1000000,189
1719407744.1512187,1.0,2.0,3.0,15:15:41,"[-0.1, -0.2, 0.3, 0.4, -0.5, -0.6, 0.7, 0.8, 0.9]",-26.039073940777143,290,1000000,189
1719407744.7201142,1.0,2.0,3.0,15:15:41,"[-0.1, -0.2, 0.3, 0.4, -0.5, -0.6, 0.7, 0.8, 0.9]",-26.03808850242155,406,1000000,88
1719407745.3762758,1.0,2.0,3.0,15:15:42,"[-0.1, -0.2, 0.3, 0.4, -0.5, -0.6, 0.7, 0.8, 0.9]",-26.137548061490335,406,1000000,88
1719407746.1645942,1.0,2.0,3.0,15:15:43,"[-0.1, -0.2, 0.3, 0.4, -0.5, -0.6, 0.7, 0.8, 0.9]",-26.420482944110667,325,1000000,105
1719407746.7353728,1.0,2.0,3.0,15:15:43,"[-0.1, -0.2, 0.3, 0.4, -0.5, -0.6, 0.7, 0.8, 0.9]",-26.22867321742134,325,1000000,105
1719407747.3387566,1.0,2.0,3.0,15:15:44,"[-0.1, -0.2, 0.3, 0.4, -0.5, -0.6, 0.7, 0.8, 0.9]",-26.29106009084518,325,1000000,105
1719407747.9275782,1.0,2.0,3.0,15:15:45,"[-0.1, -0.2, 0.3, 0.4, -0.5, -0.6, 0.7, 0.8, 0.9]",-25.851838704723747,404,1000000,76
1719407748.5017312,1.0,2.0,3.0,15:15:45,"[-0.1, -0.2, 0.3, 0.4, -0.5, -0.6, 0.7, 0.8, 0.9]",-29.313415224624542,404,1000000,76
1719407749.118473,1.0,2.0,3.0,15:15:46,"[-0.1, -0.2, 0.3, 0.4, -0.5, -0.6, 0.7, 0.8, 0.9]",-29.72078506932945,383,1000000,146
1719407749.872157,1.0,2.0,3.0,15:15:46,"[-0.1, -0.2, 0.3, 0.4, -0.5, -0.6, 0.7, 0.8, 0.9]",-29.833815036808154,383,1000000,146
1719407750.647319,1.0,2.0,3.0,15:15:47,"[-0.1, -0.2, 0.3, 0.4, -0.5, -0.6, 0.7, 0.8, 0.9]",-29.892867592002034,963,1000000,1024
1719407751.3601727,1.0,2.0,3.0,15:15:48,"[-0.1, -0.2, 0.3, 0.4, -0.5, -0.6, 0.7, 0.8, 0.9]",-29.90418459380458,963,1000000,1024
1719407751.9497967,1.0,2.0,3.0,15:15:49,"[-0.1, -0.2, 0.3, 0.4, -0.5, -0.6, 0.7, 0.8, 0.9]",-29.96058239997349,909,1000000,842
1719407752.6462784,1.0,2.0,3.0,15:15:49,"[-0.1, -0.2, 0.3, 0.4, -0.5, -0.6, 0.7, 0.8, 0.9]",-29.957116064736965,909,1000000,842
1719407753.3809204,1.0,2.0,3.0,15:15:50,"[-0.1, -0.2, 0.3, 0.4, -0.5, -0.6, 0.7, 0.8, 0.9]",-29.95432833350749,1003,1000000,874
1719407754.1177611,1.0,2.0,3.0,15:15:51,"[-0.1, -0.2, 0.3, 0.4, -0.5, -0.6, 0.7, 0.8, 0.9]",-29.81564396163502,1003,1000000,874
1719407754.8739903,1.0,2.0,3.0,15:15:51,"[-0.1, -0.2, 0.3, 0.4, -0.5, -0.6, 0.7, 0.8, 0.9]",-29.882753140069227,1003,1000000,874
1719407755.4301987,1.0,2.0,3.0,15:15:52,"[-0.1, -0.2, 0.3, 0.4, -0.5, -0.6, 0.7, 0.8, 0.9]",-29.794169323048536,978,1000000,968
1719407756.1054616,1.0,2.0,3.0,15:15:53,"[-0.1, -0.2, 0.3, 0.4, -0.5, -0.6, 0.7, 0.8, 0.9]",-29.914225877098183,978,1000000,968
1719407756.6681259,1.0,2.0,3.0,15:15:53,"[-0.1, -0.2, 0.3, 0.4, -0.5, -0.6, 0.7, 0.8, 0.9]",-29.76762016485955,978,1000000,1056
1719407757.3723516,1.0,2.0,3.0,15:15:54,"[-0.1, -0.2, 0.3, 0.4, -0.5, -0.6, 0.7, 0.8, 0.9]",-29.658972575972264,969,1000000,910
1719407758.1269782,1.0,2.0,3.0,15:15:55,"[-0.1, -0.2, 0.3, 0.4, -0.5, -0.6, 0.7, 0.8, 0.9]",-29.74991414620274,1043,1000000,984
1719407758.740288,1.0,2.0,3.0,15:15:55,"[-0.1, -0.2, 0.3, 0.4, -0.5, -0.6, 0.7, 0.8, 0.9]",-23.41691561321484,1043,1000000,984
1719407759.3570116,1.0,2.0,3.0,15:15:56,"[-0.1, -0.2, 0.3, 0.4, -0.5, -0.6, 0.7, 0.8, 0.9]",-23.418379954156208,1043,1000000,984
1719407760.0741084,1.0,2.0,3.0,15:15:56,"[-0.1, -0.2, 0.3, 0.4, -0.5, -0.6, 0.7, 0.8, 0.9]",-23.466307291523087,1084,1000000,1134
1719407760.683343,1.0,2.0,3.0,15:15:57,"[-0.1, -0.2, 0.3, 0.4, -0.5, -0.6, 0.7, 0.8, 0.9]",-23.35039972517162,964,1000000,996
1719407761.2819438,1.0,2.0,3.0,15:15:58,"[-0.1, -0.2, 0.3, 0.4, -0.5, -0.6, 0.7, 0.8, 0.9]",-23.35799447375875,964,1000000,996
1719407761.8503313,1.0,2.0,3.0,15:15:58,"[-0.1, -0.2, 0.3, 0.4, -0.5, -0.6, 0.7, 0.8, 0.9]",-23.37814871772037,1070,1000000,1170
1719407762.446443,1.0,2.0,3.0,15:15:59,"[-0.1, -0.2, 0.3, 0.4, -0.5, -0.6, 0.7, 0.8, 0.9]",-23.414399825935533,1070,1000000,1170
1719407763.0646415,1.0,2.0,3.0,15:16:00,"[-0.1, -0.2, 0.3, 0.4, -0.5, -0.6, 0.7, 0.8, 0.9]",-23.409633142633673,1070,1000000,1170
1719407763.6651576,1.0,2.0,3.0,15:16:00,"[-0.1, -0.2, 0.3, 0.4, -0.5, -0.6, 0.7, 0.8, 0.9]",-23.428316990718955,983,1000000,1044
1719407764.305901,1.0,2.0,3.0,15:16:01,"[-0.1, -0.2, 0.3, 0.4, -0.5, -0.6, 0.7, 0.8, 0.9]",-23.47687291250707,983,1000000,1044
1719407765.0610323,1.0,2.0,3.0,15:16:01,"[-0.1, -0.2, 0.3, 0.4, -0.5, -0.6, 0.7, 0.8, 0.9]",-23.50169137618802,1076,1000000,1157
1719407765.8406513,1.0,2.0,3.0,15:16:02,"[-0.1, -0.2, 0.3, 0.4, -0.5, -0.6, 0.7, 0.8, 0.9]",-23.495266675421632,1076,1000000,1157
1719407766.4565094,1.0,2.0,3.0,15:16:03,"[-0.1, -0.2, 0.3, 0.4, -0.5, -0.6, 0.7, 0.8, 0.9]",-23.320659108958793,1076,1000000,1157
1719407767.0942125,1.0,2.0,3.0,15:16:03,"[-0.1, -0.2, 0.3, 0.4, -0.5, -0.6, 0.7, 0.8, 0.9]",-23.18599289493217,1076,1000000,1157
1719407767.8866107,1.0,2.0,3.0,15:16:04,"[-0.1, -0.2, 0.3, 0.4, -0.5, -0.6, 0.7, 0.8, 0.9]",-23.257500135232483,1094,1000000,992
1719407768.464924,1.0,2.0,3.0,15:16:05,"[-0.1, -0.2, 0.3, 0.4, -0.5, -0.6, 0.7, 0.8, 0.9]",-23.833626809322595,1094,1000000,992
1719407769.1279922,1.0,2.0,3.0,15:16:05,"[-0.1, -0.2, 0.3, 0.4, -0.5, -0.6, 0.7, 0.8, 0.9]",-23.776166448691356,110,1000000,8
1719407769.695928,1.0,2.0,3.0,15:16:06,"[-0.1, -0.2, 0.3, 0.4, -0.5, -0.6, 0.7, 0.8, 0.9]",-24.07819859322435,107,1000000,12
1719407770.283684,1.0,2.0,3.0,15:16:07,"[-0.1, -0.2, 0.3, 0.4, -0.5, -0.6, 0.7, 0.8, 0.9]",-23.743053500365477,107,1000000,12
1719407770.8675044,1.0,2.0,3.0,15:16:07,"[-0.1, -0.2, 0.3, 0.4, -0.5, -0.6, 0.7, 0.8, 0.9]",-23.748872920455625,118,1000000,13
1719407771.482565,1.0,2.0,3.0,15:16:08,"[-0.1, -0.2, 0.3, 0.4, -0.5, -0.6, 0.7, 0.8, 0.9]",-23.890323947651055,118,1000000,13
1719407772.0814505,1.0,2.0,3.0,15:16:08,"[-0.1, -0.2, 0.3, 0.4, -0.5, -0.6, 0.7, 0.8, 0.9]",-24.020665224153866,118,1000000,13
1719407772.6585894,1.0,2.0,3.0,15:16:09,"[-0.1, -0.2, 0.3, 0.4, -0.5, -0.6, 0.7, 0.8, 0.9]",-23.8646135942316,96,1000000,9
1719407773.4085925,1.0,2.0,3.0,15:16:10,"[-0.1, -0.2, 0.3, 0.4, -0.5, -0.6, 0.7, 0.8, 0.9]",-23.765131447392093,96,1000000,9
1719407774.141943,1.0,2.0,3.0,15:16:10,"[-0.1, -0.2, 0.3, 0.4, -0.5, -0.6, 0.7, 0.8, 0.9]",-23.66403390135885,112,1000000,8
1719407774.9125493,1.0,2.0,3.0,15:16:11,"[-0.1, -0.2, 0.3, 0.4, -0.5, -0.6, 0.7, 0.8, 0.9]",-23.82308262935517,112,1000000,8
1719407775.6655421,1.0,2.0,3.0,15:16:12,"[-0.1, -0.2, 0.3, 0.4, -0.5, -0.6, 0.7, 0.8, 0.9]",-23.905602028060102,91,1000000,11
1719407776.4408526,1.0,2.0,3.0,15:16:13,"[-0.1, -0.2, 0.3, 0.4, -0.5, -0.6, 0.7, 0.8, 0.9]",-23.764997484943052,91,1000000,11
1719407777.147664,1.0,2.0,3.0,15:16:13,"[-0.1, -0.2, 0.3, 0.4, -0.5, -0.6, 0.7, 0.8, 0.9]",-23.735022262188046,91,1000000,11
1719407777.9092267,1.0,2.0,3.0,15:16:14,"[-0.1, -0.2, 0.3, 0.4, -0.5, -0.6, 0.7, 0.8, 0.9]",-23.78074965406357,93,1000000,10
1719407778.4695454,1.0,2.0,3.0,15:16:15,"[-0.1, -0.2, 0.3, 0.4, -0.5, -0.6, 0.7, 0.8, 0.9]",-21.364404044958892,116,1000000,11
1719407779.1354702,1.0,2.0,3.0,15:16:15,"[-0.1, -0.2, 0.3, 0.4, -0.5, -0.6, 0.7, 0.8, 0.9]",-21.145784405061434,116,1000000,11
1719407779.923175,1.0,2.0,3.0,15:16:16,"[-0.1, -0.2, 0.3, 0.4, -0.5, -0.6, 0.7, 0.8, 0.9]",-21.156681550184615,1160,1000000,1292
1719407780.4940763,1.0,2.0,3.0,15:16:17,"[-0.1, -0.2, 0.3, 0.4, -0.5, -0.6, 0.7, 0.8, 0.9]",-21.17778678750039,1160,1000000,1292
1719407781.147194,1.0,2.0,3.0,15:16:17,"[-0.1, -0.2, 0.3, 0.4, -0.5, -0.6, 0.7, 0.8, 0.9]",-21.181760208056964,1164,1000000,1350
1719407781.7284465,1.0,2.0,3.0,15:16:18,"[-0.1, -0.2, 0.3, 0.4, -0.5, -0.6, 0.7, 0.8, 0.9]",-21.13076955744008,1164,1000000,1350
1719407782.408141,1.0,2.0,3.0,15:16:19,"[-0.1, -0.2, 0.3, 0.4, -0.5, -0.6, 0.7, 0.8, 0.9]",-21.168095158157435,1143,1000000,1350
1719407783.1349254,1.0,2.0,3.0,15:16:20,"[-0.1, -0.2, 0.3, 0.4, -0.5, -0.6, 0.7, 0.8, 0.9]",-21.272270335621336,1143,1000000,1350
1719407783.7625883,1.0,2.0,3.0,15:16:20,"[-0.1, -0.2, 0.3, 0.4, -0.5, -0.6, 0.7, 0.8, 0.9]",-21.273887854803725,1143,1000000,1350
1719407784.4220412,1.0,2.0,3.0,15:16:21,"[-0.1, -0.2, 0.3, 0.4, -0.5, -0.6, 0.7, 0.8, 0.9]",-21.192853250999917,1143,1000000,1350
1719407785.1423693,1.0,2.0,3.0,15:16:22,"[-0.1, -0.2, 0.3, 0.4, -0.5, -0.6, 0.7, 0.8, 0.9]",-21.476174566311297,1066,1000000,1085
1719407785.7135532,1.0,2.0,3.0,15:16:22,"[-0.1, -0.2, 0.3, 0.4, -0.5, -0.6, 0.7, 0.8, 0.9]",-21.19561155287733,1066,1000000,1085
1719407786.3646193,1.0,2.0,3.0,15:16:23,"[-0.1, -0.2, 0.3, 0.4, -0.5, -0.6, 0.7, 0.8, 0.9]",-21.18030128579049,1133,1000000,1283
1719407787.133747,1.0,2.0,3.0,15:16:24,"[-0.1, -0.2, 0.3, 0.4, -0.5, -0.6, 0.7, 0.8, 0.9]",-21.14196392886314,1055,1000000,1199
1719407787.8630645,1.0,2.0,3.0,15:16:24,"[-0.1, -0.2, 0.3, 0.4, -0.5, -0.6, 0.7, 0.8, 0.9]",-21.139132776276412,1141,1000000,1127
1719407788.6078193,1.0,2.0,3.0,15:16:25,"[-0.1, -0.2, 0.3, 0.4, -0.5, -0.6, 0.7, 0.8, 0.9]",-25.471218416192485,1141,1000000,1127
1719407789.2067873,1.0,2.0,3.0,15:16:26,"[-0.1, -0.2, 0.3, 0.4, -0.5, -0.6, 0.7, 0.8, 0.9]",-25.424628023808808,1141,1000000,1127
1719407789.890259,1.0,2.0,3.0,15:16:26,"[-0.1, -0.2, 0.3, 0.4, -0.5, -0.6, 0.7, 0.8, 0.9]",-25.447572397714865,63,1000000,3
1719407790.5964277,1.0,2.0,3.0,15:16:27,"[-0.1, -0.2, 0.3, 0.4, -0.5, -0.6, 0.7, 0.8, 0.9]",-25.463706896026594,63,1000000,3
1719407791.3674386,1.0,2.0,3.0,15:16:28,"[-0.1, -0.2, 0.3, 0.4, -0.5, -0.6, 0.7, 0.8, 0.9]",-25.522197916960664,60,1000000,4
1719407792.1281064,1.0,2.0,3.0,15:16:29,"[-0.1, -0.2, 0.3, 0.4, -0.5, -0.6, 0.7, 0.8, 0.9]",-25.40400002776954,60,1000000,4
1719407792.8467824,1.0,2.0,3.0,15:16:29,"[-0.1, -0.2, 0.3, 0.4, -0.5, -0.6, 0.7, 0.8, 0.9]",-25.400753597358936,60,1000000,3
1719407793.450834,1.0,2.0,3.0,15:16:30,"[-0.1, -0.2, 0.3, 0.4, -0.5, -0.6, 0.7, 0.8, 0.9]",-25.51963001134198,60,1000000,3
1719407794.054563,1.0,2.0,3.0,15:16:31,"[-0.1, -0.2, 0.3, 0.4, -0.5, -0.6, 0.7, 0.8, 0.9]",-25.43383388191036,57,1000000,3
1719407794.8339803,1.0,2.0,3.0,15:16:31,"[-0.1, -0.2, 0.3, 0.4, -0.5, -0.6, 0.7, 0.8, 0.9]",-25.73051223258578,57,1000000,3
1719407795.5761237,1.0,2.0,3.0,15:16:32,"[-0.1, -0.2, 0.3, 0.4, -0.5, -0.6, 0.7, 0.8, 0.9]",-25.413958028484572,58,1000000,3
1719407796.138261,1.0,2.0,3.0,15:16:33,"[-0.1, -0.2, 0.3, 0.4, -0.5, -0.6, 0.7, 0.8, 0.9]",-25.387939343605822,58,1000000,3
1719407796.8230987,1.0,2.0,3.0,15:16:33,"[-0.1, -0.2, 0.3, 0.4, -0.5, -0.6, 0.7, 0.8, 0.9]",-25.47720980542652,62,1000000,3
1719407797.3956249,1.0,2.0,3.0,15:16:34,"[-0.1, -0.2, 0.3, 0.4, -0.5, -0.6, 0.7, 0.8, 0.9]",-25.464538329590447,62,1000000,3
1719407798.0911844,1.0,2.0,3.0,15:16:35,"[-0.1, -0.2, 0.3, 0.4, -0.5, -0.6, 0.7, 0.8, 0.9]",-25.438087020411842,57,1000000,3
1719407798.7088678,1.0,2.0,3.0,15:16:35,"[-0.1, -0.2, 0.3, 0.4, -0.5, -0.6, 0.7, 0.8, 0.9]",-20.62826938140735,57,1000000,3
1719407799.299947,1.0,2.0,3.0,15:16:36,"[-0.1, -0.2, 0.3, 0.4, -0.5, -0.6, 0.7, 0.8, 0.9]",-20.513780632325567,57,1000000,3
1719407799.8937268,1.0,2.0,3.0,15:16:36,"[-0.1, -0.2, 0.3, 0.4, -0.5, -0.6, 0.7, 0.8, 0.9]",-20.782666363852826,48,1000000,2
1719407800.4638019,1.0,2.0,3.0,15:16:37,"[-0.1, -0.2, 0.3, 0.4, -0.5, -0.6, 0.7, 0.8, 0.9]",-20.775507709844298,48,1000000,2
1719407801.1333096,1.0,2.0,3.0,15:16:37,"[-0.1, -0.2, 0.3, 0.4, -0.5, -0.6, 0.7, 0.8, 0.9]",-20.502140088223936,50,1000000,2
1719407801.7262096,1.0,2.0,3.0,15:16:38,"[-0.1, -0.2, 0.3, 0.4, -0.5, -0.6, 0.7, 0.8, 0.9]",-20.54289309301993,50,1000000,2
1719407802.3217344,1.0,2.0,3.0,15:16:39,"[-0.1, -0.2, 0.3, 0.4, -0.5, -0.6, 0.7, 0.8, 0.9]",-20.652316779010206,50,1000000,2
1719407802.9386346,1.0,2.0,3.0,15:16:39,"[-0.1, -0.2, 0.3, 0.4, -0.5, -0.6, 0.7, 0.8, 0.9]",-20.61223383996524,54,1000000,2
1719407803.64615,1.0,2.0,3.0,15:16:40,"[-0.1, -0.2, 0.3, 0.4, -0.5, -0.6, 0.7, 0.8, 0.9]",-20.58728405757406,44,1000000,2
1719407804.2278845,1.0,2.0,3.0,15:16:41,"[-0.1, -0.2, 0.3, 0.4, -0.5, -0.6, 0.7, 0.8, 0.9]",-20.549276066346536,44,1000000,2
1719407804.9411838,1.0,2.0,3.0,15:16:41,"[-0.1, -0.2, 0.3, 0.4, -0.5, -0.6, 0.7, 0.8, 0.9]",-20.548150781736695,44,1000000,2
1719407805.511877,1.0,2.0,3.0,15:16:42,"[-0.1, -0.2, 0.3, 0.4, -0.5, -0.6, 0.7, 0.8, 0.9]",-20.65908224994743,48,1000000,2
1719407806.124272,1.0,2.0,3.0,15:16:42,"[-0.1, -0.2, 0.3, 0.4, -0.5, -0.6, 0.7, 0.8, 0.9]",-20.746417753625863,48,1000000,2
1719407806.6880493,1.0,2.0,3.0,15:16:43,"[-0.1, -0.2, 0.3, 0.4, -0.5, -0.6, 0.7, 0.8, 0.9]",-20.62963816739956,48,1000000,2
1719407807.2742777,1.0,2.0,3.0,15:16:44,"[-0.1, -0.2, 0.3, 0.4, -0.5, -0.6, 0.7, 0.8, 0.9]",-20.374052148712725,46,1000000,2
1719407807.8577838,1.0,2.0,3.0,15:16:44,"[-0.1, -0.2, 0.3, 0.4, -0.5, -0.6, 0.7, 0.8, 0.9]",-20.279489234829853,46,1000000,2
1719407808.4427996,1.0,2.0,3.0,15:16:45,"[-0.1, -0.2, 0.3, 0.4, -0.5, -0.6, 0.7, 0.8, 0.9]",-20.27671069453541,46,1000000,2
1719407809.0080638,1.0,2.0,3.0,15:16:45,"[-0.1, -0.2, 0.3, 0.4, -0.5, -0.6, 0.7, 0.8, 0.9]",-24.67427493221623,49,1000000,2
1719407809.5976226,1.0,2.0,3.0,15:16:46,"[-0.1, -0.2, 0.3, 0.4, -0.5, -0.6, 0.7, 0.8, 0.9]",-24.59593181835116,49,1000000,2
1719407810.17354,1.0,2.0,3.0,15:16:46,"[-0.1, -0.2, 0.3, 0.4, -0.5, -0.6, 0.7, 0.8, 0.9]",-24.80368088441064,1264,1000000,1590
1719407810.7773495,1.0,2.0,3.0,15:16:47,"[-0.1, -0.2, 0.3, 0.4, -0.5, -0.6, 0.7, 0.8, 0.9]",-24.557042199196317,1264,1000000,1590
1719407811.3564155,1.0,2.0,3.0,15:16:48,"[-0.1, -0.2, 0.3, 0.4, -0.5, -0.6, 0.7, 0.8, 0.9]",-24.38973678018983,1264,1000000,1590
1719407811.9549239,1.0,2.0,3.0,15:16:48,"[-0.1, -0.2, 0.3, 0.4, -0.5, -0.6, 0.7, 0.8, 0.9]",-24.380561912139925,1295,1000000,1737
1719407812.6514544,1.0,2.0,3.0,15:16:49,"[-0.1, -0.2, 0.3, 0.4, -0.5, -0.6, 0.7, 0.8, 0.9]",-24.449633596073994,1325,1000000,1617
1719407813.2628245,1.0,2.0,3.0,15:16:50,"[-0.1, -0.2, 0.3, 0.4, -0.5, -0.6, 0.7, 0.8, 0.9]",-24.56465163448766,1325,1000000,1617
1719407813.8679872,1.0,2.0,3.0,15:16:50,"[-0.1, -0.2, 0.3, 0.4, -0.5, -0.6, 0.7, 0.8, 0.9]",-24.71491192403427,1325,1000000,1617
1719407814.4347737,1.0,2.0,3.0,15:16:51,"[-0.1, -0.2, 0.3, 0.4, -0.5, -0.6, 0.7, 0.8, 0.9]",-24.74170797726164,1311,1000000,1716
1719407815.0230582,1.0,2.0,3.0,15:16:51,"[-0.1, -0.2, 0.3, 0.4, -0.5, -0.6, 0.7, 0.8, 0.9]",-24.582017607320225,1311,1000000,1716
1719407815.5823038,1.0,2.0,3.0,15:16:52,"[-0.1, -0.2, 0.3, 0.4, -0.5, -0.6, 0.7, 0.8, 0.9]",-24.660341556283313,1231,1000000,1540
1719407816.172848,1.0,2.0,3.0,15:16:52,"[-0.1, -0.2, 0.3, 0.4, -0.5, -0.6, 0.7, 0.8, 0.9]",-24.714859130489437,1231,1000000,1540
1719407816.7228122,1.0,2.0,3.0,15:16:53,"[-0.1, -0.2, 0.3, 0.4, -0.5, -0.6, 0.7, 0.8, 0.9]",-24.60730735265615,1259,1000000,1600
1719407817.415073,1.0,2.0,3.0,15:16:54,"[-0.1, -0.2, 0.3, 0.4, -0.5, -0.6, 0.7, 0.8, 0.9]",-24.38255033895262,1305,1000000,1721
1719407818.1146297,1.0,2.0,3.0,15:16:54,"[-0.1, -0.2, 0.3, 0.4, -0.5, -0.6, 0.7, 0.8, 0.9]",-24.239511518439272,1305,1000000,1721
1719407818.6878874,1.0,2.0,3.0,15:16:55,"[-0.1, -0.2, 0.3, 0.4, -0.5, -0.6, 0.7, 0.8, 0.9]",-26.0634077141639,1305,1000000,1721
1719407819.3998687,1.0,2.0,3.0,15:16:55,"[-0.1, -0.2, 0.3, 0.4, -0.5, -0.6, 0.7, 0.8, 0.9]",-26.268750978848686,1233,1000000,1464
1719407820.141817,1.0,2.0,3.0,15:16:57,"[-0.1, -0.2, 0.3, 0.4, -0.5, -0.6, 0.7, 0.8, 0.9]",-25.59565270381359,52,1000000,2
1719407820.7339492,1.0,2.0,3.0,15:16:57,"[-0.1, -0.2, 0.3, 0.4, -0.5, -0.6, 0.7, 0.8, 0.9]",-26.3708372442496,52,1000000,2
1719407821.3678799,1.0,2.0,3.0,15:16:58,"[-0.1, -0.2, 0.3, 0.4, -0.5, -0.6, 0.7, 0.8, 0.9]",-26.47332882897625,48,1000000,2
1719407821.9601538,1.0,2.0,3.0,15:16:59,"[-0.1, -0.2, 0.3, 0.4, -0.5, -0.6, 0.7, 0.8, 0.9]",-25.996224967005844,48,1000000,2
1719407822.6618922,1.0,2.0,3.0,15:16:59,"[-0.1, -0.2, 0.3, 0.4, -0.5, -0.6, 0.7, 0.8, 0.9]",-26.23745522722571,47,1000000,2
1719407823.3545883,1.0,2.0,3.0,15:17:00,"[-0.1, -0.2, 0.3, 0.4, -0.5, -0.6, 0.7, 0.8, 0.9]",-26.314427565217677,47,1000000,2
1719407824.1102946,1.0,2.0,3.0,15:17:01,"[-0.1, -0.2, 0.3, 0.4, -0.5, -0.6, 0.7, 0.8, 0.9]",-26.23795157676487,47,1000000,2
1719407824.891098,1.0,2.0,3.0,15:17:01,"[-0.1, -0.2, 0.3, 0.4, -0.5, -0.6, 0.7, 0.8, 0.9]",-25.95034993599809,44,1000000,2
1719407825.499971,1.0,2.0,3.0,15:17:02,"[-0.1, -0.2, 0.3, 0.4, -0.5, -0.6, 0.7, 0.8, 0.9]",-26.05606353992411,44,1000000,2
1719407826.1173613,1.0,2.0,3.0,15:17:03,"[-0.1, -0.2, 0.3, 0.4, -0.5, -0.6, 0.7, 0.8, 0.9]",-26.29404244866341,43,1000000,1
1719407826.693735,1.0,2.0,3.0,15:17:03,"[-0.1, -0.2, 0.3, 0.4, -0.5, -0.6, 0.7, 0.8, 0.9]",-26.174794182756067,43,1000000,1
1719407827.362673,1.0,2.0,3.0,15:17:04,"[-0.1, -0.2, 0.3, 0.4, -0.5, -0.6, 0.7, 0.8, 0.9]",-26.141634212867608,50,1000000,2
1719407827.9711938,1.0,2.0,3.0,15:17:05,"[-0.1, -0.2, 0.3, 0.4, -0.5, -0.6, 0.7, 0.8, 0.9]",-26.05443067161498,50,1000000,2
1719407828.5845652,1.0,2.0,3.0,15:17:05,"[-0.1, -0.2, 0.3, 0.4, -0.5, -0.6, 0.7, 0.8, 0.9]",-28.0364472303282,50,1000000,2
1719407829.3428583,1.0,2.0,3.0,15:17:06,"[-0.1, -0.2, 0.3, 0.4, -0.5, -0.6, 0.7, 0.8, 0.9]",-28.12233232860514,68,1000000,4
1719407830.0656505,1.0,2.0,3.0,15:17:07,"[-0.1, -0.2, 0.3, 0.4, -0.5, -0.6, 0.7, 0.8, 0.9]",-28.232015082412772,70,1000000,5
1719407830.828472,1.0,2.0,3.0,15:17:07,"[-0.1, -0.2, 0.3, 0.4, -0.5, -0.6, 0.7, 0.8, 0.9]",-28.045853584064318,68,1000000,4
1719407831.4071023,1.0,2.0,3.0,15:17:08,"[-0.1, -0.2, 0.3, 0.4, -0.5, -0.6, 0.7, 0.8, 0.9]",-28.04717232263365,68,1000000,4
1719407832.1011405,1.0,2.0,3.0,15:17:09,"[-0.1, -0.2, 0.3, 0.4, -0.5, -0.6, 0.7, 0.8, 0.9]",-28.132220603954096,67,1000000,4
1719407832.7184315,1.0,2.0,3.0,15:17:09,"[-0.1, -0.2, 0.3, 0.4, -0.5, -0.6, 0.7, 0.8, 0.9]",-27.905313064616294,67,1000000,4
1719407833.3324761,1.0,2.0,3.0,15:17:10,"[-0.1, -0.2, 0.3, 0.4, -0.5, -0.6, 0.7, 0.8, 0.9]",-27.907926193858344,67,1000000,4
1719407833.9133034,1.0,2.0,3.0,15:17:10,"[-0.1, -0.2, 0.3, 0.4, -0.5, -0.6, 0.7, 0.8, 0.9]",-27.90483373467736,70,1000000,5
1719407834.5204864,1.0,2.0,3.0,15:17:11,"[-0.1, -0.2, 0.3, 0.4, -0.5, -0.6, 0.7, 0.8, 0.9]",-27.940484067143835,70,1000000,5
1719407835.0872352,1.0,2.0,3.0,15:17:12,"[-0.1, -0.2, 0.3, 0.4, -0.5, -0.6, 0.7, 0.8, 0.9]",-28.05318222023012,67,1000000,4
1719407835.6829407,1.0,2.0,3.0,15:17:12,"[-0.1, -0.2, 0.3, 0.4, -0.5, -0.6, 0.7, 0.8, 0.9]",-28.163157247075915,67,1000000,4
1719407836.2480435,1.0,2.0,3.0,15:17:13,"[-0.1, -0.2, 0.3, 0.4, -0.5, -0.6, 0.7, 0.8, 0.9]",-27.936990933227975,67,1000000,4
1719407836.8521953,1.0,2.0,3.0,15:17:13,"[-0.1, -0.2, 0.3, 0.4, -0.5, -0.6, 0.7, 0.8, 0.9]",-28.074547506389102,70,1000000,4
1719407837.4276798,1.0,2.0,3.0,15:17:14,"[-0.1, -0.2, 0.3, 0.4, -0.5, -0.6, 0.7, 0.8, 0.9]",-28.05030012369751,70,1000000,4
1719407838.0188277,1.0,2.0,3.0,15:17:14,"[-0.1, -0.2, 0.3, 0.4, -0.5, -0.6, 0.7, 0.8, 0.9]",-28.01410036706192,70,1000000,4
1719407838.5899353,1.0,2.0,3.0,15:17:15,"[-0.1, -0.2, 0.3, 0.4, -0.5, -0.6, 0.7, 0.8, 0.9]",-27.561246892840472,70,1000000,4
1719407839.181952,1.0,2.0,3.0,15:17:16,"[-0.1, -0.2, 0.3, 0.4, -0.5, -0.6, 0.7, 0.8, 0.9]",-27.37197366283695,528,1000000,278
1719407839.766467,1.0,2.0,3.0,15:17:16,"[-0.1, -0.2, 0.3, 0.4, -0.5, -0.6, 0.7, 0.8, 0.9]",-27.351914870305777,528,1000000,278
1719407840.4146504,1.0,2.0,3.0,15:17:17,"[-0.1, -0.2, 0.3, 0.4, -0.5, -0.6, 0.7, 0.8, 0.9]",-27.072861920314544,528,1000000,278
1719407841.1954587,1.0,2.0,3.0,15:17:17,"[-0.1, -0.2, 0.3, 0.4, -0.5, -0.6, 0.7, 0.8, 0.9]",-27.270513889322686,657,1000000,410
1719407841.9115503,1.0,2.0,3.0,15:17:18,"[-0.1, -0.2, 0.3, 0.4, -0.5, -0.6, 0.7, 0.8, 0.9]",-27.29337882576531,540,1000000,400
1719407842.5119703,1.0,2.0,3.0,15:17:19,"[-0.1, -0.2, 0.3, 0.4, -0.5, -0.6, 0.7, 0.8, 0.9]",-27.202027329382574,540,1000000,400
1719407843.1608028,1.0,2.0,3.0,15:17:19,"[-0.1, -0.2, 0.3, 0.4, -0.5, -0.6, 0.7, 0.8, 0.9]",-27.338846046390785,647,1000000,436
1719407843.7496269,1.0,2.0,3.0,15:17:20,"[-0.1, -0.2, 0.3, 0.4, -0.5, -0.6, 0.7, 0.8, 0.9]",-27.401278716825992,647,1000000,436
1719407844.3175292,1.0,2.0,3.0,15:17:21,"[-0.1, -0.2, 0.3, 0.4, -0.5, -0.6, 0.7, 0.8, 0.9]",-27.688286960962984,647,1000000,436
1719407844.9294615,1.0,2.0,3.0,15:17:21,"[-0.1, -0.2, 0.3, 0.4, -0.5, -0.6, 0.7, 0.8, 0.9]",-27.187874575415307,518,1000000,435
1719407845.6900294,1.0,2.0,3.0,15:17:22,"[-0.1, -0.2, 0.3, 0.4, -0.5, -0.6, 0.7, 0.8, 0.9]",-27.370288709634167,518,1000000,435
1719407846.4107704,1.0,2.0,3.0,15:17:23,"[-0.1, -0.2, 0.3, 0.4, -0.5, -0.6, 0.7, 0.8, 0.9]",-27.685004505530237,614,1000000,198
1719407846.987064,1.0,2.0,3.0,15:17:23,"[-0.1, -0.2, 0.3, 0.4, -0.5, -0.6, 0.7, 0.8, 0.9]",-27.43694347199287,614,1000000,198
1719407847.5532947,1.0,2.0,3.0,15:17:24,"[-0.1, -0.2, 0.3, 0.4, -0.5, -0.6, 0.7, 0.8, 0.9]",-27.361943503072624,665,1000000,431
1719407848.1353073,1.0,2.0,3.0,15:17:24,"[-0.1, -0.2, 0.3, 0.4, -0.5, -0.6, 0.7, 0.8, 0.9]",-27.419785377073403,530,1000000,355
1719407848.6954224,1.0,2.0,3.0,15:17:25,"[-0.1, -0.2, 0.3, 0.4, -0.5, -0.6, 0.7, 0.8, 0.9]",-35.82588975297014,530,1000000,355
1719407849.2556798,1.0,2.0,3.0,15:17:26,"[-0.1, -0.2, 0.3, 0.4, -0.5, -0.6, 0.7, 0.8, 0.9]",-34.853169883582275,573,1000000,290
1719407849.8468459,1.0,2.0,3.0,15:17:26,"[-0.1, -0.2, 0.3, 0.4, -0.5, -0.6, 0.7, 0.8, 0.9]",-34.812433421208056,573,1000000,290
1719407850.42388,1.0,2.0,3.0,15:17:27,"[-0.1, -0.2, 0.3, 0.4, -0.5, -0.6, 0.7, 0.8, 0.9]",-35.78355770708028,573,1000000,290
1719407851.0046048,1.0,2.0,3.0,15:17:27,"[-0.1, -0.2, 0.3, 0.4, -0.5, -0.6, 0.7, 0.8, 0.9]",-35.370082361185865,684,1000000,467
1719407851.573371,1.0,2.0,3.0,15:17:28,"[-0.1, -0.2, 0.3, 0.4, -0.5, -0.6, 0.7, 0.8, 0.9]",-35.27303704357579,684,1000000,467
1719407852.1784267,1.0,2.0,3.0,15:17:28,"[-0.1, -0.2, 0.3, 0.4, -0.5, -0.6, 0.7, 0.8, 0.9]",-34.363296447574506,538,1000000,492
1719407852.9181077,1.0,2.0,3.0,15:17:29,"[-0.1, -0.2, 0.3, 0.4, -0.5, -0.6, 0.7, 0.8, 0.9]",-35.314842261551185,538,1000000,492
1719407853.485864,1.0,2.0,3.0,15:17:30,"[-0.1, -0.2, 0.3, 0.4, -0.5, -0.6, 0.7, 0.8, 0.9]",-35.27006727625951,609,1000000,370
1719407854.0830593,1.0,2.0,3.0,15:17:30,"[-0.1, -0.2, 0.3, 0.4, -0.5, -0.6, 0.7, 0.8, 0.9]",-34.73242274152766,609,1000000,370
1719407854.6458778,1.0,2.0,3.0,15:17:31,"[-0.1, -0.2, 0.3, 0.4, -0.5, -0.6, 0.7, 0.8, 0.9]",-36.480713618661596,609,1000000,370
1719407855.2575512,1.0,2.0,3.0,15:17:32,"[-0.1, -0.2, 0.3, 0.4, -0.5, -0.6, 0.7, 0.8, 0.9]",-37.1627684211007,530,1000000,280
1719407855.8694417,1.0,2.0,3.0,15:17:32,"[-0.1, -0.2, 0.3, 0.4, -0.5, -0.6, 0.7, 0.8, 0.9]",-37.16428665941375,530,1000000,280
1719407856.4375846,1.0,2.0,3.0,15:17:33,"[-0.1, -0.2, 0.3, 0.4, -0.5, -0.6, 0.7, 0.8, 0.9]",-36.875800699089226,719,1000000,352
1719407857.1097252,1.0,2.0,3.0,15:17:33,"[-0.1, -0.2, 0.3, 0.4, -0.5, -0.6, 0.7, 0.8, 0.9]",-36.42605466293244,689,1000000,348
1719407857.702585,1.0,2.0,3.0,15:17:34,"[-0.1, -0.2, 0.3, 0.4, -0.5, -0.6, 0.7, 0.8, 0.9]",-36.1210565125465,689,1000000,348
1719407858.3351524,1.0,2.0,3.0,15:17:35,"[-0.1, -0.2, 0.3, 0.4, -0.5, -0.6, 0.7, 0.8, 0.9]",-35.574532053576704,782,1000000,597
1719407858.934618,1.0,2.0,3.0,15:17:36,"[-0.1, -0.2, 0.3, 0.4, -0.5, -0.6, 0.7, 0.8, 0.9]",-37.850854365440824,1542,1000000,2353
1719407859.6190941,1.0,2.0,3.0,15:17:36,"[-0.1, -0.2, 0.3, 0.4, -0.5, -0.6, 0.7, 0.8, 0.9]",-37.51542534969978,1542,1000000,2353
1719407860.356386,1.0,2.0,3.0,15:17:37,"[-0.1, -0.2, 0.3, 0.4, -0.5, -0.6, 0.7, 0.8, 0.9]",-37.827934998423416,1513,1000000,2377
1719407861.0976298,1.0,2.0,3.0,15:17:38,"[-0.1, -0.2, 0.3, 0.4, -0.5, -0.6, 0.7, 0.8, 0.9]",-37.66614557436819,1513,1000000,2377
1719407861.6515322,1.0,2.0,3.0,15:17:38,"[-0.1, -0.2, 0.3, 0.4, -0.5, -0.6, 0.7, 0.8, 0.9]",-37.30758148373411,1513,1000000,2377
1719407862.3454134,1.0,2.0,3.0,15:17:39,"[-0.1, -0.2, 0.3, 0.4, -0.5, -0.6, 0.7, 0.8, 0.9]",-37.48853903384496,1509,1000000,2286
1719407863.1229017,1.0,2.0,3.0,15:17:40,"[-0.1, -0.2, 0.3, 0.4, -0.5, -0.6, 0.7, 0.8, 0.9]",-37.879182751112594,1509,1000000,2286
1719407863.8562796,1.0,2.0,3.0,15:17:40,"[-0.1, -0.2, 0.3, 0.4, -0.5, -0.6, 0.7, 0.8, 0.9]",-37.58215319213407,1509,1000000,2286
1719407864.619477,1.0,2.0,3.0,15:17:41,"[-0.1, -0.2, 0.3, 0.4, -0.5, -0.6, 0.7, 0.8, 0.9]",-37.462756472893986,1509,1000000,2286
1719407865.4028172,1.0,2.0,3.0,15:17:42,"[-0.1, -0.2, 0.3, 0.4, -0.5, -0.6, 0.7, 0.8, 0.9]",-38.678688830456295,1540,1000000,2365
1719407865.9675522,1.0,2.0,3.0,15:17:43,"[-0.1, -0.2, 0.3, 0.4, -0.5, -0.6, 0.7, 0.8, 0.9]",-37.6946618230561,1540,1000000,2365
1719407866.5812325,1.0,2.0,3.0,15:17:43,"[-0.1, -0.2, 0.3, 0.4, -0.5, -0.6, 0.7, 0.8, 0.9]",-38.940650996648486,1470,1000000,2229
1719407867.1483545,1.0,2.0,3.0,15:17:44,"[-0.1, -0.2, 0.3, 0.4, -0.5, -0.6, 0.7, 0.8, 0.9]",-38.53508776043212,1470,1000000,2229
1719407867.7369566,1.0,2.0,3.0,15:17:44,"[-0.1, -0.2, 0.3, 0.4, -0.5, -0.6, 0.7, 0.8, 0.9]",-41.1644611482228,1470,1000000,2229
1719407868.4624827,1.0,2.0,3.0,15:17:45,"[-0.1, -0.2, 0.3, 0.4, -0.5, -0.6, 0.7, 0.8, 0.9]",-24.83150269441453,1548,1000000,2424
1719407869.0525103,1.0,2.0,3.0,15:17:46,"[-0.1, -0.2, 0.3, 0.4, -0.5, -0.6, 0.7, 0.8, 0.9]",-24.988303699200593,1548,1000000,2424
1719407869.6321971,1.0,2.0,3.0,15:17:46,"[-0.1, -0.2, 0.3, 0.4, -0.5, -0.6, 0.7, 0.8, 0.9]",-25.07738536397722,267,1000000,128
1719407870.2306828,1.0,2.0,3.0,15:17:47,"[-0.1, -0.2, 0.3, 0.4, -0.5, -0.6, 0.7, 0.8, 0.9]",-24.98292825178209,267,1000000,128
1719407870.8023314,1.0,2.0,3.0,15:17:47,"[-0.1, -0.2, 0.3, 0.4, -0.5, -0.6, 0.7, 0.8, 0.9]",-25.16196998057854,355,1000000,125
1719407871.4261274,1.0,2.0,3.0,15:17:48,"[-0.1, -0.2, 0.3, 0.4, -0.5, -0.6, 0.7, 0.8, 0.9]",-24.956490302622797,355,1000000,125
1719407872.179805,1.0,2.0,3.0,15:17:49,"[-0.1, -0.2, 0.3, 0.4, -0.5, -0.6, 0.7, 0.8, 0.9]",-25.078654587224,355,1000000,125
1719407872.9488866,1.0,2.0,3.0,15:17:49,"[-0.1, -0.2, 0.3, 0.4, -0.5, -0.6, 0.7, 0.8, 0.9]",-25.060871188323183,266,1000000,55
1719407873.6852658,1.0,2.0,3.0,15:17:50,"[-0.1, -0.2, 0.3, 0.4, -0.5, -0.6, 0.7, 0.8, 0.9]",-24.884178094127755,349,1000000,127
1719407874.2544913,1.0,2.0,3.0,15:17:51,"[-0.1, -0.2, 0.3, 0.4, -0.5, -0.6, 0.7, 0.8, 0.9]",-24.872849397054495,334,1000000,70
1719407874.9417443,1.0,2.0,3.0,15:17:51,"[-0.1, -0.2, 0.3, 0.4, -0.5, -0.6, 0.7, 0.8, 0.9]",-24.789287374891195,334,1000000,70
1719407875.6744819,1.0,2.0,3.0,15:17:52,"[-0.1, -0.2, 0.3, 0.4, -0.5, -0.6, 0.7, 0.8, 0.9]",-24.864692268615485,268,1000000,123
1719407876.2673392,1.0,2.0,3.0,15:17:53,"[-0.1, -0.2, 0.3, 0.4, -0.5, -0.6, 0.7, 0.8, 0.9]",-24.83881615779481,268,1000000,123
1719407876.8390017,1.0,2.0,3.0,15:17:53,"[-0.1, -0.2, 0.3, 0.4, -0.5, -0.6, 0.7, 0.8, 0.9]",-24.908148110247815,268,1000000,123
1719407877.4375372,1.0,2.0,3.0,15:17:54,"[-0.1, -0.2, 0.3, 0.4, -0.5, -0.6, 0.7, 0.8, 0.9]",-24.897741086566057,338,1000000,114
1719407877.9982774,1.0,2.0,3.0,15:17:54,"[-0.1, -0.2, 0.3, 0.4, -0.5, -0.6, 0.7, 0.8, 0.9]",-24.73185729181416,338,1000000,114
1719407878.6750665,1.0,2.0,3.0,15:17:55,"[-0.1, -0.2, 0.3, 0.4, -0.5, -0.6, 0.7, 0.8, 0.9]",-21.243291653043094,255,1000000,73
1719407879.2544997,1.0,2.0,3.0,15:17:56,"[-0.1, -0.2, 0.3, 0.4, -0.5, -0.6, 0.7, 0.8, 0.9]",-21.19358096536173,255,1000000,73
1719407879.8237174,1.0,2.0,3.0,15:17:56,"[-0.1, -0.2, 0.3, 0.4, -0.5, -0.6, 0.7, 0.8, 0.9]",-21.264084074745856,119,1000000,14
1719407880.4581687,1.0,2.0,3.0,15:17:57,"[-0.1, -0.2, 0.3, 0.4, -0.5, -0.6, 0.7, 0.8, 0.9]",-21.18830397121195,101,1000000,17
1719407881.1570568,1.0,2.0,3.0,15:17:57,"[-0.1, -0.2, 0.3, 0.4, -0.5, -0.6, 0.7, 0.8, 0.9]",-21.18954908730712,121,1000000,19
1719407881.7392108,1.0,2.0,3.0,15:17:58,"[-0.1, -0.2, 0.3, 0.4, -0.5, -0.6, 0.7, 0.8, 0.9]",-21.266328221854458,107,1000000,11
1719407882.4238808,1.0,2.0,3.0,15:17:59,"[-0.1, -0.2, 0.3, 0.4, -0.5, -0.6, 0.7, 0.8, 0.9]",-21.375705337025536,120,1000000,13
1719407883.153267,1.0,2.0,3.0,15:17:59,"[-0.1, -0.2, 0.3, 0.4, -0.5, -0.6, 0.7, 0.8, 0.9]",-21.064746205187678,120,1000000,13
1719407883.8995817,1.0,2.0,3.0,15:18:00,"[-0.1, -0.2, 0.3, 0.4, -0.5, -0.6, 0.7, 0.8, 0.9]",-21.109105979756247,110,1000000,9
1719407884.6653724,1.0,2.0,3.0,15:18:01,"[-0.1, -0.2, 0.3, 0.4, -0.5, -0.6, 0.7, 0.8, 0.9]",-21.09974982964516,119,1000000,12
1719407885.2274852,1.0,2.0,3.0,15:18:02,"[-0.1, -0.2, 0.3, 0.4, -0.5, -0.6, 0.7, 0.8, 0.9]",-21.095789570997194,108,1000000,11
1719407885.8183296,1.0,2.0,3.0,15:18:02,"[-0.1, -0.2, 0.3, 0.4, -0.5, -0.6, 0.7, 0.8, 0.9]",-21.230438299890963,108,1000000,11
1719407886.3890834,1.0,2.0,3.0,15:18:03,"[-0.1, -0.2, 0.3, 0.4, -0.5, -0.6, 0.7, 0.8, 0.9]",-21.397856788977187,104,1000000,15
1719407886.9853833,1.0,2.0,3.0,15:18:03,"[-0.1, -0.2, 0.3, 0.4, -0.5, -0.6, 0.7, 0.8, 0.9]",-21.75167600265988,96,1000000,8
1719407887.6422653,1.0,2.0,3.0,15:18:04,"[-0.1, -0.2, 0.3, 0.4, -0.5, -0.6, 0.7, 0.8, 0.9]",-22.312824473193565,96,1000000,8
1719407888.2194424,1.0,2.0,3.0,15:18:05,"[-0.1, -0.2, 0.3, 0.4, -0.5, -0.6, 0.7, 0.8, 0.9]",-22.321428696708814,121,1000000,14
1719407888.8142493,1.0,2.0,3.0,15:18:05,"[-0.1, -0.2, 0.3, 0.4, -0.5, -0.6, 0.7, 0.8, 0.9]",-27.46042716688786,121,1000000,14
1719407889.391108,1.0,2.0,3.0,15:18:06,"[-0.1, -0.2, 0.3, 0.4, -0.5, -0.6, 0.7, 0.8, 0.9]",-27.06019769073547,121,1000000,14
1719407889.958816,1.0,2.0,3.0,15:18:06,"[-0.1, -0.2, 0.3, 0.4, -0.5, -0.6, 0.7, 0.8, 0.9]",-26.522580116394472,1149,1000000,1320
1719407890.6024532,1.0,2.0,3.0,15:18:07,"[-0.1, -0.2, 0.3, 0.4, -0.5, -0.6, 0.7, 0.8, 0.9]",-26.65838530530089,1149,1000000,1320
1719407891.3639715,1.0,2.0,3.0,15:18:08,"[-0.1, -0.2, 0.3, 0.4, -0.5, -0.6, 0.7, 0.8, 0.9]",-26.901177681336087,1169,1000000,1240
1719407892.1399276,1.0,2.0,3.0,15:18:08,"[-0.1, -0.2, 0.3, 0.4, -0.5, -0.6, 0.7, 0.8, 0.9]",-26.88972028546207,1169,1000000,1240
1719407892.8864455,1.0,2.0,3.0,15:18:09,"[-0.1, -0.2, 0.3, 0.4, -0.5, -0.6, 0.7, 0.8, 0.9]",-26.91410662543315,1076,1000000,1157
1719407893.5959055,1.0,2.0,3.0,15:18:10,"[-0.1, -0.2, 0.3, 0.4, -0.5, -0.6, 0.7, 0.8, 0.9]",-26.98834535464168,1076,1000000,1157
1719407894.360547,1.0,2.0,3.0,15:18:11,"[-0.1, -0.2, 0.3, 0.4, -0.5, -0.6, 0.7, 0.8, 0.9]",-27.2568627503044,1075,1000000,1301
1719407894.9473403,1.0,2.0,3.0,15:18:11,"[-0.1, -0.2, 0.3, 0.4, -0.5, -0.6, 0.7, 0.8, 0.9]",-26.956684470081626,1075,1000000,1301
1719407895.5492604,1.0,2.0,3.0,15:18:12,"[-0.1, -0.2, 0.3, 0.4, -0.5, -0.6, 0.7, 0.8, 0.9]",-27.02820130484465,1077,1000000,1252
1719407896.1338363,1.0,2.0,3.0,15:18:12,"[-0.1, -0.2, 0.3, 0.4, -0.5, -0.6, 0.7, 0.8, 0.9]",-26.895522379049922,1062,1000000,1127
1719407896.7302766,1.0,2.0,3.0,15:18:13,"[-0.1, -0.2, 0.3, 0.4, -0.5, -0.6, 0.7, 0.8, 0.9]",-26.81614128213674,1062,1000000,1127
1719407897.4263334,1.0,2.0,3.0,15:18:14,"[-0.1, -0.2, 0.3, 0.4, -0.5, -0.6, 0.7, 0.8, 0.9]",-26.823500076772852,991,1000000,898
1719407898.1549652,1.0,2.0,3.0,15:18:15,"[-0.1, -0.2, 0.3, 0.4, -0.5, -0.6, 0.7, 0.8, 0.9]",-27.191772674865163,1096,1000000,1199
1719407898.9197898,1.0,2.0,3.0,15:18:15,"[-0.1, -0.2, 0.3, 0.4, -0.5, -0.6, 0.7, 0.8, 0.9]",-26.914011813707774,1827,660156,5145
1719407899.7018983,1.0,2.0,3.0,15:18:16,"[-0.1, -0.2, 0.3, 0.4, -0.5, -0.6, 0.7, 0.8, 0.9]",-27.333175452273608,1827,660156,5145
1719407900.2712288,1.0,2.0,3.0,15:18:17,"[-0.1, -0.2, 0.3, 0.4, -0.5, -0.6, 0.7, 0.8, 0.9]",-27.23294575136982,1630,410156,6422
1719407900.8621173,1.0,2.0,3.0,15:18:18,"[-0.1, -0.2, 0.3, 0.4, -0.5, -0.6, 0.7, 0.8, 0.9]",-27.72346138886155,1630,410156,6422
1719407901.4361243,1.0,2.0,3.0,15:18:18,"[-0.1, -0.2, 0.3, 0.4, -0.5, -0.6, 0.7, 0.8, 0.9]",-27.13830414182823,1630,410156,6422
1719407902.0305023,1.0,2.0,3.0,15:18:19,"[-0.1, -0.2, 0.3, 0.4, -0.5, -0.6, 0.7, 0.8, 0.9]",-26.454245664579823,1630,410156,6422
1719407902.680866,1.0,2.0,3.0,15:18:19,"[-0.1, -0.2, 0.3, 0.4, -0.5, -0.6, 0.7, 0.8, 0.9]",-26.711296441014248,1588,382812,6612
1719407903.2953882,1.0,2.0,3.0,15:18:20,"[-0.1, -0.2, 0.3, 0.4, -0.5, -0.6, 0.7, 0.8, 0.9]",-27.211063363715397,1588,382812,6612
